1,0,0,0.1,0,0,1,0.02,2.47,0.06,0,0
1,0,0,0.1,0,0,1,0.02,2.24,0.06,0,0
1,0,0,0.1,0,0,1,0.03,2.47,0.06,0,0
1,0,6.49,0.1,0,0,1,0.07,3.16,0.06,0,0
1,0,0,0.1,0,0,1,0.01,0,0.06,0,0
1,0,0,0.1,0,0,1,0.01,0,0.06,0,0
1,0,0,0.1,0,0,1,0.01,0,0.06,0,0
1,0,17.4,0.1,0,0,1,0.08,2.68,0.06,0,0
1,0.01,2.76,0.1,0,0,1,0.15,1.72,0.1,0,0.42
1,0,0,0.1,0,0,1,0.04,1.88,0.07,0,0.06
1,0,0,0.1,0,0,1,0,0,0.06,0,0
1,0,0,0.1,0,0,1,0.01,0,0.06,0,0
1,0,0,0.1,0,0,1,0.03,2.11,0.07,0,0.01
1,0,0,0.1,0,0,1,0.03,2.28,0.07,0,0.01
1,0,0.09,0.1,0,0,1,0.04,2.15,0.06,0,0
1,0,0,0.1,0,0,1,0.02,2.25,0.06,0,0
1,0,36.89,0.1,0,0,1,0.1,2.37,0.06,0,0
1,0,0,0.1,0,0,1,0.04,1.95,0.06,0,0.01
1,0,0,0.1,0,0,1,0.02,1.77,0.06,0,0
1,0,0,0.1,0,0,1,0.03,2.35,0.06,0,0
1,0,22.26,0.1,0,0,1,0.08,2.69,0.1,0,0.97
1,0,0,0.1,0,0,1,0.01,0,0.06,0,0
0.97,0.01,0,0.1,0,0,1,0.24,2.17,0.06,0,0
1,0,0,0.1,0,0,1,0.03,2.99,0.06,0,0
1,0,10.28,0.1,0,0,1,0.08,2.01,0.06,0,0
1,0,0,0.1,0,0,1,0.02,2.83,0.06,0,0
1,0,0,0.1,0,0,1,0.02,2.07,0.06,0,0
1,0,0,0.1,0,0,1,0.01,0,0.06,0,0
0.99,0.01,20.2,0.1,0,0,1,0.17,2.98,0.06,0,0
0.99,0.01,1.21,0.1,0,0,1,0.17,2.86,0.11,0,0.58
1,0,1.1,0.1,0,0,1,0.06,1.86,0.06,0,0
0.99,0.01,3.01,0.1,0,0,1,0.17,2.61,0.1,0,0.47
0.99,0.01,55.9,0.1,0,0,1,0.12,2.75,0.12,0,1.15
1,0,0,0.1,0,0,1,0.01,0,0.06,0,0
1,0,0,0.1,0,0,1,0.04,3.03,0.06,0,0
1,0,0,0.1,0,0,1,0.01,0,0.06,0,0
1,0,0,0.1,0,0,1,0,0,0.06,0,0
1,0,0,0.1,0,0,1,0.03,2.71,0.06,0,0
0.99,0.01,7.29,0.1,0,0,1,0.2,3.04,0.06,0,0
1,0.01,96.54,0.1,0,0,1,0.2,2.16,0.06,0,0
0.99,0.01,13.15,0.1,0,0,1,0.16,2.2,0.06,0,0
1,0,16.05,0.1,0,0,1,0.1,2.54,0.06,0,0
1,0,0,0.1,0,0,1,0.01,0,0.06,0,0
1,0,0,0.1,0,0,1,0.01,0.01,0.06,0,0
1,0,0.39,0.1,0,0,1,0.06,2.02,0.08,0,0.16
1,0,0,0.1,0,0,1,0.02,1.96,0.06,0,0
1,0,0,0.1,0,0,1,0.03,1.58,0.07,0,0.01
1,0,0,0.1,0,0,1,0.01,0.01,0.06,0,0
1,0,0,0.1,0,0,1,0.01,0.02,0.06,0,0
1,0,0,0.1,0,0,1,0.03,2.28,0.06,0,0
1,0,0,0.1,0,0,1,0.01,0,0.06,0,0
1,0,0,0.1,0,0,1,0.01,0,0.06,0,0
1,0,0,0.1,0,0,1,0.04,2.08,0.06,0,0
1,0,0,0.1,0,0,1,0.03,1.73,0.06,0,0
1,0,0,0.1,0,0,1,0.03,1.85,0.06,0,0
1,0,0,0.1,0,0,1,0.04,1.82,0.07,0,0.04
1,0,0,0.1,0,0,1,0.01,0,0.06,0,0
1,0,5.92,0.1,0,0,1,0.12,2.23,0.1,0,0.44
1,0,0,0.1,0,0,1,0.04,2.83,0.06,0,0
1,0,40.09,0.1,0,0,1,0.1,2.01,0.06,0,0
0.99,0.01,54.54,0.1,0,0,1,0.16,2.33,0.11,0,0.83
1,0,0,0.1,0,0,1,0.01,0,0.06,0,0
1,0,0,0.1,0,0,1,0.02,1.59,0.06,0,0
1,0,5.77,0.1,0,0,1,0.08,2.19,0.09,0,0.29
1,0,0,0.1,0,0,1,0.02,2.22,0.06,0,0
1,0,0,0.1,0,0,1,0.04,2.95,0.06,0,0
1,0,0,0.1,0,0,1,0.02,1.89,0.06,0,0
0.99,0,19.23,0.1,0,0,1,0.13,2.03,0.06,0,0
1,0,0,0.1,0,0,1,0.03,1.9,0.07,0,0.01
1,0,11.53,0.1,0,0,1,0.13,1.9,0.06,0,0
0.99,0.01,0,0.1,0,0,1,0.22,1.43,0.1,0,0.34
1,0,28.55,0.1,0,0,1,0.1,1.84,0.06,0,0
1,0,0,0.1,0,0,1,0.02,2.45,0.06,0,0
1,0,2.07,0.1,0,0,1,0.06,2.19,0.06,0,0
1,0,1.31,0.1,0,0,1,0.06,2.12,0.06,0,0
1,0,0,0.1,0,0,1,0.02,0.12,0.06,0,0
1,0,0,0.1,0,0,1,0.03,2.93,0.06,0,0
1,0,0,0.1,0,0,1,0.01,0,0.06,0,0
1,0,0,0.1,0,0,1,0.03,2.21,0.07,0,0.01
1,0,0,0.1,0,0,1,0.04,3.45,0.06,0,0
1,0,0,0.1,0,0,1,0.01,0,0.06,0,0
1,0,4.09,0.1,0,0,1,0.06,2.77,0.06,0,0
1,0,0,0.1,0,0,1,0.01,0,0.06,0,0
1,0,0,0.1,0,0,1,0.01,0,0.06,0,0
1,0,0,0.1,0,0,1,0.02,0.19,0.06,0,0
1,0,5.9,0.1,0,0,1,0.07,3.53,0.09,0,0.34
1,0,0,0.1,0,0,1,0.04,1.53,0.07,0,0.06
1,0,0,0.1,0,0,1,0.01,0.01,0.06,0,0
1,0,0,0.1,0,0,1,0.01,0,0.06,0,0
0.99,0,9.65,0.1,0,0,1,0.15,2.31,0.06,0,0
1,0,2.55,0.1,0,0,1,0.06,1.94,0.06,0,0
1,0,0,0.1,0,0,1,0.02,2.55,0.06,0,0
1,0,0,0.1,0,0,1,0.03,2.28,0.06,0,0
1,0,0,0.1,0,0,1,0.04,2.71,0.07,0,0.04
1,0,0,0.1,0,0,1,0.01,0,0.06,0,0
1,0.01,2.73,0.1,0,0,1,0.16,2.14,0.11,0,0.47
1,0,0,0.1,0,0,1,0,0,0.06,0,0
1,0,0,0.1,0,0,1,0.02,2.33,0.06,0,0
1,0,0,0.1,0,0,1,0.01,0,0.06,0,0
1,0,0,0.1,0,0,1,0.04,2.41,0.07,0,0.05
1,0,0,0.1,0,0,1,0.01,0,0.06,0,0
1,0,7.13,0.1,0,0,1,0.09,2.36,0.08,0,0.29
1,0,0,0.1,0,0,1,0,0,0.06,0,0
1,0,0,0.1,0,0,1,0.01,0,0.06,0,0
0.99,0.01,1.79,0.1,0,0,1,0.21,1.98,0.06,0,0
1,0,13.53,0.1,0,0,1,0.09,2.23,0.1,0,0.49
1,0,0.38,0.1,0,0,1,0.05,1.87,0.06,0,0
1,0,0,0.1,0,0,1,0.03,1.96,0.06,0,0
1,0,0,0.1,0,0,1,0,0,0.06,0,0
1,0,0,0.1,0,0,1,0.01,0,0.06,0,0
1,0,0,0.1,0,0,1,0.04,2.3,0.06,0,0
1,0,0,0.1,0,0,1,0.02,0.01,0.06,0,0
1,0,0,0.1,0,0,1,0.01,0,0.06,0,0
1,0,0,0.1,0,0,1,0.01,0,0.06,0,0
1,0,18.63,0.1,0,0,1,0.14,1.99,0.06,0,0
1,0,2.75,0.1,0,0,1,0.15,2.59,0.11,0,0.48
1,0,86.02,0.1,0,0,1,0.14,2.17,0.06,0,0
1,0,1.22,0.1,0,0,1,0.05,2.28,0.06,0,0
0.99,0.01,115.77,0.1,0,0,1,0.18,2.55,0.06,0,0
0.98,0.01,0,0.1,0,0,1,0.22,2.58,0.12,0,0.54
1,0,0,0.1,0,0,1,0.04,1.76,0.06,0,0
1,0,1.27,0.1,0,0,1,0.06,2.05,0.08,0,0.24
1,0,0,0.1,0,0,1,0.02,2.45,0.06,0,0
1,0,0,0.1,0,0,1,0.03,2.57,0.06,0,0
1,0,0,0.1,0,0,1,0.01,0,0.06,0,0
1,0,0,0.1,0,0,1,0.02,0,0.06,0,0
1,0,0,0.1,0,0,1,0.03,1.87,0.06,0,0
1,0,0,0.1,0,0,1,0.04,2.33,0.06,0,0
0.99,0.01,1.05,0.1,0,0,1,0.21,2.59,0.06,0,0
1,0,1.06,0.1,0,0,1,0.06,1.69,0.06,0,0
1,0,0,0.1,0,0,1,0.04,2.92,0.06,0,0
1,0,0,0.1,0,0,1,0.01,0,0.06,0,0
0.99,0.01,0,0.1,0,0,1,0.22,1.64,0.1,0,0.36
1,0,0,0.1,0,0,1,0.04,2.64,0.06,0,0
1,0,3.77,0.1,0,0,1,0.07,2.79,0.08,0,0.3
1,0,30.75,0.1,0,0,1,0.11,2.75,0.06,0,0
1,0,0,0.1,0,0,1,0.01,0,0.06,0,0
1,0,17.86,0.1,0,0,1,0.1,2.12,0.06,0,0
1,0,0,0.1,0,0,1,0,0,0.06,0,0
1,0,0,0.1,0,0,1,0.01,0,0.06,0,0
1,0,0.1,0.1,0,0,1,0.04,1.9,0.06,0,0
1,0,0,0.1,0,0,1,0.01,0.01,0.06,0,0
1,0,0,0.1,0,0,1,0.01,0,0.06,0,0
1,0,0,0.1,0,0,1,0.03,2.26,0.06,0,0
1,0,0.64,0.1,0,0,1,0.06,2.04,0.08,0,0.19
1,0,10,0.1,0,0,1,0.14,1.94,0.06,0,0
1,0,0,0.1,0,0,1,0.02,1.97,0.06,0,0
1,0,0,0.1,0,0,1,0.01,0,0.06,0,0
1,0.01,0,0.1,0,0,1,0.21,3.09,0.12,0,0.56
1,0,0,0.1,0,0,1,0.01,0,0.06,0,0
1,0,0,0.1,0,0,1,0.01,0,0.06,0,0
1,0,0,0.1,0,0,1,0.01,0,0.06,0,0
0.99,0.01,89.26,0.1,0,0,1,0.21,2.04,0.06,0,0
1,0,0,0.1,0,0,1,0.04,2.98,0.06,0,0
1,0,0,0.1,0,0,1,0.01,0,0.06,0,0
1,0,0,0.1,0,0,1,0.04,2.75,0.06,0,0
1,0,51.11,0.1,0,0,1,0.12,2.34,0.06,0,0
1,0,0,0.1,0,0,1,0.04,2,0.07,0,0.04
0.99,0.01,10.49,0.1,0,0,1,0.13,1.95,0.06,0,0
1,0,0,0.1,0,0,1,0.03,1.9,0.07,0,0.01
1,0,0,0.1,0,0,1,0.03,1.91,0.06,0,0.01
1,0,27.48,0.1,0,0,1,0.09,2.34,0.06,0,0
1,0,0,0.1,0,0,1,0.01,0,0.06,0,0
1,0.01,40.05,0.1,0,0,1,0.14,1.8,0.1,0,0.66
1,0,0.11,0.1,0,0,1,0.05,2.36,0.06,0,0
1,0,0,0.1,0,0,1,0.01,0,0.06,0,0
1,0,0,0.1,0,0,1,0.02,2.37,0.06,0,0
1,0,23.02,0.1,0,0,1,0.11,2.62,0.06,0,0
1,0,0,0.1,0,0,1,0.05,2.48,0.07,0,0.08
1,0,0,0.1,0,0,1,0.01,0,0.06,0,0
1,0,0,0.1,0,0,1,0,0,0.06,0,0
1,0,0,0.1,0,0,1,0,0,0.06,0,0
0.99,0.01,0.09,0.1,0,0,1,0.2,1.99,0.12,0,0.5
1,0,0,0.1,0,0,1,0,0,0.06,0,0
1,0,0,0.1,0,0,1,0.03,2.19,0.07,0,0.01
1,0,0,0.1,0,0,1,0,0,0.06,0,0
1,0,0,0.1,0,0,1,0.01,0,0.06,0,0
1,0,0,0.1,0,0,1,0.02,2.69,0.06,0,0
1,0,0.33,0.1,0,0,1,0.05,2.24,0.07,0,0.13
1,0,0.12,0.1,0,0,1,0.05,2.46,0.07,0,0.08
1,0,0,0.1,0,0,1,0.03,2.74,0.06,0,0
1,0,0,0.1,0,0,1,0.01,0.17,0.06,0,0
1,0,0,0.1,0,0,1,0.01,0,0.06,0,0
1,0,0,0.1,0,0,1,0.01,0,0.06,0,0
1,0,0,0.1,0,0,1,0.02,2.21,0.06,0,0
1,0,4.4,0.1,0,0,1,0.07,1.91,0.06,0,0
0.99,0.01,0,0.1,0,0,1,0.22,3.09,0.11,0,0.51
1,0,0,0.1,0,0,1,0.03,2.09,0.06,0,0
1,0,0,0.1,0,0,1,0.01,0,0.06,0,0
1,0,0,0.1,0,0,1,0.01,0,0.06,0,0
1,0,29.38,0.1,0,0,1,0.14,2.8,0.06,0,0
1,0,0,0.1,0,0,1,0.04,2.51,0.06,0,0
1,0,22.54,0.1,0,0,1,0.09,2.79,0.06,0,0
1,0,0.24,0.1,0,0,1,0.05,2.45,0.07,0,0.11
1,0,0,0.1,0,0,1,0.03,2.33,0.06,0,0
1,0,0,0.1,0,0,1,0.01,0,0.06,0,0
1,0,0,0.1,0,0,1,0.01,0,0.06,0,0
1,0.01,0,0.1,0,0,1,0.23,3.28,0.06,0,0
1,0,0.15,0.1,0,0,1,0.06,2.93,0.07,0,0.17
1,0,0,0.1,0,0,1,0.04,1.64,0.06,0,0
1,0,16.9,0.1,0,0,1,0.11,2.74,0.06,0,0
1,0,0.41,0.1,0,0,1,0.05,1.78,0.06,0,0
0.99,0.01,12.35,0.1,0,0,1,0.18,2.73,0.06,0,0
0.99,0.01,0.44,0.1,0,0,1,0.21,3.01,0.06,0,0
1,0,0,0.1,0,0,1,0.01,0,0.06,0,0
1,0,0,0.1,0,0,1,0.01,0.01,0.06,0,0
1,0,19.24,0.1,0,0,1,0.09,2.82,0.06,0,0
1,0,10.44,0.1,0,0,1,0.11,2.1,0.06,0,0
1,0,0,0.1,0,0,1,0.05,2.16,0.07,0,0.12
1,0,0.41,0.1,0,0,1,0.06,2.31,0.06,0,0
1,0,0,0.1,0,0,1,0.02,1.49,0.06,0,0
1,0,10.22,0.1,0,0,1,0.09,2.4,0.06,0,0
1,0,0,0.1,0,0,1,0.01,0.01,0.06,0,0
0.99,0,7.34,0.1,0,0,1,0.07,2.88,0.06,0,0
1,0,0.26,0.1,0,0,1,0.05,3.09,0.07,0,0.1
1,0,0,0.1,0,0,1,0.01,0,0.06,0,0
0.99,0.01,1.49,0.1,0,0,1,0.19,1.66,0.06,0,0
1,0.01,1.44,0.1,0,0,1,0.18,2.42,0.11,0,0.5
1,0,0,0.1,0,0,1,0.02,0.01,0.06,0,0
1,0,0,0.1,0,0,1,0,0,0.06,0,0
1,0,10.68,0.1,0,0,1,0.13,1.94,0.06,0,0
1,0,0,0.1,0,0,1,0.01,0,0.06,0,0
1,0,0,0.1,0,0,1,0.03,2.2,0.07,0,0.02
1,0,4.17,0.1,0,0,1,0.07,3.56,0.06,0,0
1,0.01,4.18,0.1,0,0,1,0.19,2.38,0.06,0,0
0.99,0,3.54,0.1,0,0,1,0.14,1.81,0.1,0,0.41
1,0,74.78,0.1,0,0,1,0.11,3.24,0.06,0,0
1,0,0,0.1,0,0,1,0.04,3.57,0.06,0,0
1,0,0,0.1,0,0,1,0,0,0.06,0,0
0.99,0.01,0.23,0.1,0,0,1,0.18,1.72,0.11,0,0.43
1,0,0.53,0.1,0,0,1,0.05,2.42,0.06,0,0
1,0,0,0.1,0,0,1,0.03,3,0.07,0,0.01
1,0,0,0.1,0,0,1,0.02,0.01,0.06,0,0
1,0,0,0.1,0,0,1,0.01,0,0.06,0,0
1,0,1.48,0.1,0,0,1,0.06,1.65,0.06,0,0
1,0,0,0.1,0,0,1,0.03,3.11,0.07,0,0.02
1,0,23.48,0.1,0,0,1,0.12,2.25,0.06,0,0
1,0,0,0.1,0,0,1,0.02,2.08,0.06,0,0
1,0,0,0.1,0,0,1,0,0,0.06,0,0
1,0,0,0.1,0,0,1,0,0,0.06,0,0
1,0,2.17,0.1,0,0,1,0.06,2.54,0.06,0,0
0.99,0,5.23,0.1,0,0,1,0.17,2.04,0.06,0,0
1,0,0,0.1,0,0,1,0.01,0,0.06,0,0
1,0,27.63,0.1,0,0,1,0.13,2.75,0.06,0,0
1,0,0.61,0.1,0,0,1,0.05,3.15,0.06,0,0
1,0.01,5.85,0.1,0,0,1,0.21,2.59,0.06,0,0
1,0,0,0.1,0,0,1,0.03,2.73,0.06,0,0
1,0,0,0.1,0,0,1,0.01,0,0.06,0,0
1,0.01,1.28,0.1,0,0,1,0.2,3.28,0.06,0,0
1,0,19.37,0.1,0,0,1,0.1,2.15,0.06,0,0
1,0,0,0.1,0,0,1,0.01,0,0.06,0,0
1,0,0,0.1,0,0,1,0.01,0,0.06,0,0
1,0,0,0.1,0,0,1,0.02,2.31,0.06,0,0
1,0,11.64,0.1,0,0,1,0.11,2.09,0.06,0,0
1,0,12.67,0.1,0,0,1,0.07,1.83,0.06,0,0
1,0.01,0,0.1,0,0,1,0.23,1.56,0.11,0,0.39
0.99,0,44.4,0.1,0,0,1,0.1,1.82,0.06,0,0
1,0,0.21,0.1,0,0,1,0.05,2.26,0.06,0,0
1,0,7.81,0.1,0,0,1,0.08,1.85,0.06,0,0
1,0,0,0.1,0,0,1,0.02,2.62,0.06,0,0
1,0,0,0.1,0,0,1,0.04,1.88,0.06,0,0
1,0,9.12,0.1,0,0,1,0.11,3.08,0.1,0,0.54
0.99,0.01,0.29,0.1,0,0,1,0.21,2.03,0.06,0,0
0.99,0,38.79,0.1,0,0,1,0.1,2.49,0.11,0,1.16
0.99,0.01,10.8,0.1,0,0,1,0.18,2.11,0.06,0,0
1,0,0,0.1,0,0,1,0,0,0.06,0,0
1,0,0,0.1,0,0,1,0.02,0.54,0.06,0,0
0.99,0.01,0.74,0.1,0,0,1,0.23,2.13,0.06,0,0
1,0,0,0.1,0,0,1,0.03,1.82,0.07,0,0.02
1,0,3.4,0.1,0,0,1,0.06,3.4,0.08,0,0.24
1,0,0,0.1,0,0,1,0.03,2.35,0.07,0,0.02
1,0,0,0.1,0,0,1,0.01,0,0.06,0,0
1,0,0,0.1,0,0,1,0.02,1.56,0.06,0,0
1,0,29.58,0.1,0,0,1,0.11,2.74,0.06,0,0
1,0,0,0.1,0,0,1,0.01,0,0.06,0,0
1,0,0,0.1,0,0,1,0.01,0,0.06,0,0
1,0,0,0.1,0,0,1,0.01,0,0.06,0,0
1,0,3.66,0.1,0,0,1,0.07,2.25,0.08,0,0.22
1,0,27.16,0.1,0,0,1,0.13,2.18,0.06,0,0
1,0,0,0.1,0,0,1,0.04,1.74,0.06,0,0
0.98,0.01,80.59,0.1,0,0,1,0.23,1.85,0.06,0,0
1,0,0,0.1,0,0,1,0.02,1.54,0.06,0,0
1,0.01,3.09,0.1,0,0,1,0.21,2.35,0.06,0,0
1,0,0,0.1,0,0,1,0.04,2.32,0.06,0,0
1,0,5.48,0.1,0,0,1,0.09,1.67,0.09,0,0.3
1,0,0,0.1,0,0,1,0.01,0,0.06,0,0
1,0,0,0.1,0,0,1,0.01,0.01,0.06,0,0
0.99,0.01,74.76,0.1,0,0,1,0.17,1.68,0.06,0,0
1,0,0,0.1,0,0,1,0.04,2.2,0.06,0,0
1,0,17.6,0.1,0,0,1,0.12,1.82,0.06,0,0
1,0,0,0.1,0,0,1,0.03,2.2,0.06,0,0
0.99,0,85.24,0.1,0,0,1,0.14,2.27,0.06,0,0
1,0,0,0.1,0,0,1,0.01,0,0.06,0,0
1,0,0,0.1,0,0,1,0.04,2.17,0.06,0,0
1,0,11.44,0.1,0,0,1,0.15,2.1,0.06,0,0
1,0,0,0.1,0,0,1,0.01,0,0.06,0,0
1,0,10.8,0.1,0,0,1,0.07,3.1,0.06,0,0
1,0,0,0.1,0,0,1,0.05,1.82,0.07,0,0.05
1,0,0.89,0.1,0,0,1,0.06,2.19,0.08,0,0.2
1,0,0,0.1,0,0,1,0.01,0.02,0.06,0,0
1,0,17.2,0.1,0,0,1,0.07,1.94,0.11,0,1.12
0.99,0,13.18,0.1,0,0,1,0.11,2.51,0.06,0,0
1,0,0.15,0.1,0,0,1,0.05,1.59,0.07,0,0.08
1,0,0,0.1,0,0,1,0.01,0,0.06,0,0
1,0,6.05,0.1,0,0,1,0.08,2.12,0.06,0,0
1,0,0,0.1,0,0,1,0,0,0.06,0,0
1,0,25.09,0.1,0,0,1,0.1,3.03,0.06,0,0
0.99,0.01,0,0.1,0,0,1,0.24,3.46,0.06,0,0
1,0,0,0.1,0,0,1,0.01,0.01,0.06,0,0
1,0,0,0.1,0,0,1,0,0,0.06,0,0
0.99,0.01,58.93,0.1,0,0,1,0.13,2.79,0.11,0,0.9
1,0,21.34,0.1,0,0,1,0.1,2.5,0.06,0,0
1,0.01,3.7,0.1,0,0,1,0.21,2.84,0.06,0,0
1,0,0,0.1,0,0,1,0.01,0,0.06,0,0
1,0,0,0.1,0,0,1,0.01,0.06,0.06,0,0
1,0,0,0.1,0,0,1,0.01,0.01,0.06,0,0
1,0,0,0.1,0,0,1,0.03,2.03,0.06,0,0
1,0,0,0.1,0,0,1,0.02,0.46,0.06,0,0
1,0,0,0.1,0,0,1,0.01,0.01,0.06,0,0
1,0,0,0.1,0,0,1,0.04,2.67,0.06,0,0
1,0,0,0.1,0,0,1,0.02,0.52,0.06,0,0
1,0,0,0.1,0,0,1,0.01,0.03,0.06,0,0
1,0,0,0.1,0,0,1,0.01,0,0.06,0,0
1,0,0,0.1,0,0,1,0,0,0.06,0,0
1,0,29.21,0.1,0,0,1,0.09,2.74,0.06,0,0
1,0.01,127.28,0.1,0,0,1,0.17,2.8,0.06,0,0
1,0,0,0.1,0,0,1,0,0,0.06,0,0
1,0.01,11.98,0.1,0,0,1,0.18,2.49,0.06,0,0
0.99,0.01,5.1,0.1,0,0,1,0.19,1.96,0.06,0,0
1,0,11.98,0.1,0,0,1,0.09,1.98,0.06,0,0
1,0,0,0.1,0,0,1,0.02,0.02,0.06,0,0
1,0,9.77,0.1,0,0,1,0.07,2.57,0.06,0,0
1,0,0,0.1,0,0,1,0.01,0,0.06,0,0
0.99,0.01,2.42,0.1,0,0,1,0.21,1.88,0.06,0,0
1,0,0,0.1,0,0,1,0.02,0.14,0.06,0,0
1,0,0,0.1,0,0,1,0.01,0,0.06,0,0
1,0,0,0.1,0,0,1,0.01,0,0.06,0,0
1,0,12.71,0.1,0,0,1,0.07,2.52,0.06,0,0
1,0,0,0.1,0,0,1,0.02,2.34,0.06,0,0
0.99,0.01,13.24,0.1,0,0,1,0.18,2.47,0.06,0,0
1,0,0,0.1,0,0,1,0.01,0.01,0.06,0,0
1,0,0,0.1,0,0,1,0.02,3.17,0.06,0,0
1,0,0,0.1,0,0,1,0.05,1.66,0.07,0,0.08
0.99,0.01,1.18,0.1,0,0,1,0.23,1.95,0.06,0,0
1,0,1,0.1,0,0,1,0.05,1.79,0.08,0,0.19
1,0.01,7.47,0.1,0,0,1,0.15,2,0.06,0,0
1,0,0,0.1,0,0,1,0.04,2.32,0.06,0,0
1,0,5.03,0.1,0,0,1,0.08,1.7,0.06,0,0
1,0,17.6,0.1,0,0,1,0.08,2.14,0.06,0,0
1,0,0,0.1,0,0,1,0,0,0.06,0,0
0.99,0.01,15.45,0.1,0,0,1,0.17,2.28,0.06,0,0
1,0,0,0.1,0,0,1,0.01,0.06,0.06,0,0
1,0,21.52,0.1,0,0,1,0.08,2.32,0.06,0,0
0.99,0.01,1.06,0.1,0,0,1,0.19,3,0.11,0,0.55
1,0,0,0.1,0,0,1,0.01,0,0.06,0,0
1,0,0,0.1,0,0,1,0.03,2.04,0.06,0,0
1,0,0,0.1,0,0,1,0,0,0.06,0,0
0.99,0.01,0,0.1,0,0,1,0.23,3.02,0.11,0,0.5
1,0,0.25,0.1,0,0,1,0.05,1.87,0.06,0,0
1,0,0,0.1,0,0,1,0.03,2.71,0.06,0,0
1,0,10.54,0.1,0,0,1,0.12,2.1,0.06,0,0
1,0,0,0.1,0,0,1,0.02,2.69,0.06,0,0
1,0,0,0.1,0,0,1,0.04,2.64,0.07,0,0.03
0.99,0,4.12,0.1,0,0,1,0.15,3.19,0.1,0,0.51
1,0.01,9.76,0.1,0,0,1,0.18,2.35,0.06,0,0
1,0,0,0.1,0,0,1,0.02,0.01,0.06,0,0
1,0,0.08,0.1,0,0,1,0.05,1.57,0.07,0,0.08
1,0,0,0.1,0,0,1,0.05,2.29,0.06,0,0
1,0,0,0.1,0,0,1,0,0,0.06,0,0
1,0,0,0.1,0,0,1,0.02,2.16,0.06,0,0
1,0,0,0.1,0,0,1,0.02,0.08,0.06,0,0
1,0,0,0.1,0,0,1,0.03,2.63,0.06,0,0
1,0,4.85,0.1,0,0,1,0.08,2.04,0.08,0,0.25
1,0,10.31,0.1,0,0,1,0.09,1.84,0.06,0,0
1,0,0,0.1,0,0,1,0.02,1.55,0.06,0,0
1,0,2.51,0.1,0,0,1,0.06,2.49,0.06,0,0
1,0,5.56,0.1,0,0,1,0.08,2.06,0.09,0,0.38
1,0,0,0.1,0,0,1,0.01,0.01,0.06,0,0
0.99,0,59.62,0.1,0,0,1,0.12,2.48,0.06,0,0
1,0,0,0.1,0,0,1,0.04,2.7,0.06,0,0
1,0,0,0.1,0,0,1,0.01,0,0.06,0,0
1,0,0,0.1,0,0,1,0.04,2.51,0.06,0,0
1,0,4.38,0.1,0,0,1,0.09,1.98,0.09,0,0.33
1,0,0,0.1,0,0,1,0.03,2.71,0.07,0,0.01
1,0,0,0.1,0,0,1,0.01,0,0.06,0,0
1,0,0,0.1,0,0,1,0.01,0,0.06,0,0
1,0,0,0.1,0,0,1,0.01,0,0.06,0,0
1,0,0,0.1,0,0,1,0.01,0,0.06,0,0
1,0,0,0.1,0,0,1,0.03,1.79,0.06,0,0
1,0,0,0.1,0,0,1,0.03,2.05,0.06,0,0
1,0,38.64,0.1,0,0,1,0.12,3.13,0.06,0,0
1,0,0,0.1,0,0,1,0.01,0,0.06,0,0
1,0,0,0.1,0,0,1,0.02,0.01,0.06,0,0
1,0,19.66,0.1,0,0,1,0.08,2.62,0.06,0,0
0.99,0.01,0,0.1,0,0,1,0.21,2.75,0.11,0,0.46
1,0,0,0.1,0,0,1,0.01,0.01,0.06,0,0
1,0,0,0.1,0,0,1,0.01,0,0.06,0,0
1,0,0,0.1,0,0,1,0,0,0.06,0,0
0.99,0.01,1.34,0.1,0,0,1,0.23,2.65,0.06,0,0
1,0,0,0.1,0,0,1,0.05,2.7,0.07,0,0.11
0.99,0.01,43.6,0.1,0,0,1,0.13,2.17,0.11,0,0.87
1,0,4.99,0.1,0,0,1,0.08,1.73,0.06,0,0
1,0,0,0.1,0,0,1,0.01,0,0.06,0,0
1,0,0.88,0.1,0,0,1,0.05,2.94,0.06,0,0
1,0,0,0.1,0,0,1,0.02,2.32,0.06,0,0
1,0,9.1,0.1,0,0,1,0.15,2.17,0.06,0,0
1,0,1.84,0.1,0,0,1,0.06,2.01,0.06,0,0
1,0,0,0.1,0,0,1,0.02,1.72,0.06,0,0
1,0,0.17,0.1,0,0,1,0.04,1.94,0.07,0,0.06
1,0,0,0.1,0,0,1,0.01,0,0.06,0,0
1,0,1.32,0.1,0,0,1,0.06,1.81,0.06,0,0
1,0,0,0.1,0,0,1,0.02,1.75,0.06,0,0
0.99,0.01,90.98,0.1,0,0,1,0.19,2.2,0.06,0,0
1,0,21.56,0.1,0,0,1,0.12,2.03,0.06,0,0
1,0,0,0.1,0,0,1,0,0,0.06,0,0
1,0,1.42,0.1,0,0,1,0.18,2.7,0.11,0,0.53
1,0.01,13.68,0.1,0,0,1,0.17,2.35,0.06,0,0
1,0,0,0.1,0,0,1,0.02,1.66,0.06,0,0
1,0,0,0.1,0,0,1,0,0,0.06,0,0
0.99,0,23.26,0.1,0,0,1,0.1,2.23,0.06,0,0
1,0,0,0.1,0,0,1,0.03,2.78,0.06,0,0
1,0,0,0.1,0,0,1,0.03,2.02,0.07,0,0.01
1,0,0,0.1,0,0,1,0.04,3.06,0.06,0,0
1,0,0.21,0.1,0,0,1,0.05,2.06,0.07,0,0.1
1,0,14.02,0.1,0,0,1,0.15,1.57,0.06,0,0
1,0,0,0.1,0,0,1,0.04,2.42,0.06,0,0
1,0,0,0.1,0,0,1,0.01,0.01,0.06,0,0
1,0,0,0.1,0,0,1,0.01,0,0.06,0,0
1,0,0,0.1,0,0,1,0.03,2.36,0.06,0,0
1,0,0,0.1,0,0,1,0.01,0,0.06,0,0
1,0,0,0.1,0,0,1,0.02,0.58,0.06,0,0
1,0,0,0.1,0,0,1,0.01,0,0.06,0,0
1,0,0,0.1,0,0,1,0.01,0,0.06,0,0
1,0,47.05,0.1,0,0,1,0.11,1.94,0.06,0,0
1,0,0,0.1,0,0,1,0.02,2.04,0.06,0,0.01
1,0,2.11,0.1,0,0,1,0.06,2.35,0.06,0,0
1,0,9.77,0.1,0,0,1,0.13,1.8,0.06,0,0
1,0,0,0.1,0,0,1,0.01,0,0.06,0,0
1,0,0,0.1,0,0,1,0.04,2.63,0.06,0,0
0.99,0.01,0.42,0.1,0,0,1,0.19,2.38,0.11,0,0.49
1,0,0,0.1,0,0,1,0.02,2.76,0.07,0,0.01
1,0,0.42,0.1,0,0,1,0.05,2.27,0.06,0,0
0.99,0.01,0.22,0.1,0,0,1,0.22,2.47,0.06,0,0
1,0,0,0.1,0,0,1,0.01,0,0.06,0,0
0.98,0.01,0,0.1,0,0,1,0.24,2.16,0.12,0,0.5
1,0,0.1,0.1,0,0,1,0.05,1.94,0.06,0,0
1,0,0,0.1,0,0,1,0.01,0.01,0.06,0,0
1,0,0,0.1,0,0,1,0.01,0,0.06,0,0
1,0,31.69,0.1,0,0,1,0.13,2.85,0.06,0,0
1,0,0.15,0.1,0,0,1,0.05,1.67,0.06,0,0
0.99,0,3.19,0.1,0,0,1,0.17,1.86,0.06,0,0
1,0,0,0.1,0,0,1,0.03,1.73,0.06,0,0
0.99,0.01,110.06,0.1,0,0,1,0.2,2.45,0.06,0,0
1,0.01,43.26,0.1,0,0,1,0.12,1.89,0.11,0,0.89
1,0.01,0.19,0.1,0,0,1,0.2,2.09,0.12,0,0.52
1,0,0,0.1,0,0,1,0.04,2.81,0.06,0,0
1,0,0,0.1,0,0,1,0.04,1.85,0.06,0,0
1,0,0,0.1,0,0,1,0.02,2.23,0.06,0,0
1,0,2.01,0.1,0,0,1,0.06,2.95,0.08,0,0.2
1,0,0,0.1,0,0,1,0.05,2.21,0.07,0,0.12
1,0,3.52,0.1,0,0,1,0.07,2.67,0.06,0,0
1,0,4.86,0.1,0,0,1,0.07,2.1,0.06,0,0
1,0,0,0.1,0,0,1,0.01,0,0.06,0,0
1,0,9.61,0.1,0,0,1,0.11,2.07,0.06,0,0
1,0,0,0.1,0,0,1,0.01,0.01,0.06,0,0
1,0,7.47,0.1,0,0,1,0.16,3.05,0.06,0,0
0.99,0.01,0.18,0.1,0,0,1,0.19,1.99,0.11,0,0.45
1,0,0,0.1,0,0,1,0.04,2.06,0.06,0,0
1,0,0,0.1,0,0,1,0.01,0,0.06,0,0
1,0,0,0.1,0,0,1,0.01,0,0.06,0,0
1,0,0,0.1,0,0,1,0.04,2.6,0.06,0,0
1,0,0,0.1,0,0,1,0.01,0,0.06,0,0
1,0,0,0.1,0,0,1,0.01,0,0.06,0,0
1,0.01,1.03,0.1,0,0,1,0.24,2.45,0.06,0,0
1,0.01,0.28,0.1,0,0,1,0.18,1.84,0.11,0,0.49
1,0,0,0.1,0,0,1,0.01,0,0.06,0,0
0.99,0.01,73.8,0.1,0,0,1,0.16,1.75,0.06,0,0
1,0,4.08,0.1,0,0,1,0.08,2.12,0.09,0,0.28
1,0,0,0.1,0,0,1,0.01,0,0.06,0,0
1,0,0.52,0.1,0,0,1,0.05,1.92,0.06,0,0
1,0,0,0.1,0,0,1,0.01,0,0.06,0,0
1,0,27.14,0.1,0,0,1,0.13,2.18,0.06,0,0
1,0,0,0.1,0,0,1,0.01,0,0.06,0,0
1,0,5.07,0.1,0,0,1,0.11,1.57,0.09,0,0.32
1,0,0,0.1,0,0,1,0.03,2.06,0.07,0,0.01
1,0,0,0.1,0,0,1,0.02,2.13,0.06,0,0
0.99,0.01,0.54,0.1,0,0,1,0.22,2.84,0.06,0,0
1,0,4.12,0.1,0,0,1,0.19,2.83,0.06,0,0
1,0,0,0.1,0,0,1,0.02,0.22,0.06,0,0
0.99,0.01,0.56,0.1,0,0,1,0.18,2.41,0.11,0,0.46
1,0,0,0.1,0,0,1,0.03,2.69,0.06,0,0
1,0,4.82,0.1,0,0,1,0.06,3.24,0.06,0,0
0.99,0,7.53,0.1,0,0,1,0.14,1.85,0.06,0,0
1,0,0,0.1,0,0,1,0.01,0,0.06,0,0
1,0,0,0.1,0,0,1,0.02,1.73,0.06,0,0
1,0,0,0.1,0,0,1,0,0,0.06,0,0
1,0,0,0.1,0,0,1,0.01,0,0.06,0,0
1,0,7.12,0.1,0,0,1,0.11,2.1,0.1,0,0.45
1,0,0,0.1,0,0,1,0.03,2.05,0.06,0,0
1,0,0,0.1,0,0,1,0,0,0.06,0,0
1,0,0,0.1,0,0,1,0.03,2.63,0.07,0,0.02
1,0,0,0.1,0,0,1,0.01,0,0.06,0,0
1,0,0,0.1,0,0,1,0.01,0,0.06,0,0
1,0,2.43,0.1,0,0,1,0.06,2.09,0.06,0,0
1,0,0,0.1,0,0,1,0.05,1.62,0.06,0,0
1,0,0.28,0.1,0,0,1,0.05,1.88,0.06,0,0
0.99,0,14.26,0.1,0,0,1,0.17,2.4,0.06,0,0
1,0,0,0.1,0,0,1,0.01,0,0.06,0,0
1,0,0,0.1,0,0,1,0.05,2.06,0.07,0,0.12
1,0,0,0.1,0,0,1,0.03,2.17,0.06,0,0
1,0,0,0.1,0,0,1,0.04,2.32,0.06,0,0
1,0,0,0.1,0,0,1,0.01,0,0.06,0,0
1,0,0,0.1,0,0,1,0.01,0,0.06,0,0
1,0,48.15,0.1,0,0,1,0.11,2.79,0.11,0,0.97
1,0,0,0.1,0,0,1,0.01,0,0.06,0,0
1,0,0,0.1,0,0,1,0.02,1.91,0.06,0,0
0.99,0.01,9.72,0.1,0,0,1,0.15,2.36,0.06,0,0
1,0,68.73,0.1,0,0,1,0.12,2.91,0.06,0,0
1,0,0,0.1,0,0,1,0.01,0,0.06,0,0
1,0,0,0.1,0,0,1,0.01,0.01,0.06,0,0
1,0,0,0.1,0,0,1,0.01,0,0.06,0,0
1,0,7.4,0.1,0,0,1,0.14,1.42,0.06,0,0
1,0,0,0.1,0,0,1,0,0,0.06,0,0
1,0,0,0.1,0,0,1,0.01,0,0.06,0,0
1,0,0,0.1,0,0,1,0.01,0,0.06,0,0
1,0,0,0.1,0,0,1,0.01,0,0.06,0,0
0.99,0,19.86,0.1,0,0,1,0.11,1.61,0.06,0,0
1,0,0,0.1,0,0,1,0.04,2.99,0.07,0,0.05
1,0,0,0.1,0,0,1,0.04,1.75,0.07,0,0.02
1,0,0,0.1,0,0,1,0.01,0,0.06,0,0
1,0,0,0.1,0,0,1,0.05,2.47,0.07,0,0.09
1,0,0,0.1,0,0,1,0.02,0.05,0.06,0,0
1,0,0,0.1,0,0,1,0.04,2.66,0.07,0,0.07
1,0,3.67,0.1,0,0,1,0.06,2.32,0.06,0,0
1,0,14.54,0.1,0,0,1,0.08,2.19,0.06,0,0
1,0,0.5,0.1,0,0,1,0.05,2.81,0.08,0,0.17
1,0,0,0.1,0,0,1,0.04,2.94,0.07,0,0.06
1,0,0,0.1,0,0,1,0,0,0.06,0,0
1,0,1.91,0.1,0,0,1,0.07,2.17,0.08,0,0.19
1,0,0,0.1,0,0,1,0,0,0.06,0,0
1,0,14.18,0.1,0,0,1,0.11,2.08,0.06,0,0
1,0,42.55,0.1,0,0,1,0.1,2.72,0.11,0,1.13
1,0,0,0.1,0,0,1,0.02,1.69,0.06,0,0
1,0,6.88,0.1,0,0,1,0.07,2.6,0.09,0,0.3
1,0,0,0.1,0,0,1,0.04,2.33,0.06,0,0
1,0,22.59,0.1,0,0,1,0.14,1.97,0.06,0,0
1,0,0,0.1,0,0,1,0.02,0.02,0.06,0,0
1,0,0,0.1,0,0,1,0.02,0.59,0.06,0,0
1,0,0,0.1,0,0,1,0.01,0,0.06,0,0
1,0,5.39,0.1,0,0,1,0.07,2.49,0.09,0,0.37
1,0,12.46,0.1,0,0,1,0.12,2.05,0.06,0,0
1,0,0,0.1,0,0,1,0.02,0.02,0.06,0,0
1,0,0,0.1,0,0,1,0,0,0.06,0,0
1,0,0,0.1,0,0,1,0,0,0.06,0,0
1,0,0.78,0.1,0,0,1,0.05,2.16,0.08,0,0.17
1,0,0,0.1,0,0,1,0,0,0.06,0,0
1,0,0.16,0.1,0,0,1,0.05,1.64,0.07,0,0.09
1,0,1.5,0.1,0,0,1,0.05,2.55,0.1,0,1.27
1,0,7.67,0.1,0,0,1,0.08,3.27,0.1,0,0.48
1,0,0,0.1,0,0,1,0.04,2.49,0.07,0,0.1
1,0,0,0.1,0,0,1,0,0,0.06,0,0
0.99,0.01,74.85,0.1,0,0,1,0.19,1.68,0.06,0,0
1,0,0,0.1,0,0,1,0.04,1.84,0.06,0,0
1,0,0,0.1,0,0,1,0.01,0,0.06,0,0
1,0,0.33,0.1,0,0,1,0.06,2.26,0.06,0,0
1,0.01,0,0.1,0,0,1,0.24,1.43,0.1,0,0.31
1,0,0,0.1,0,0,1,0.04,2.39,0.07,0,0.1
1,0,0,0.1,0,0,1,0.04,2.79,0.06,0,0
1,0,4.15,0.1,0,0,1,0.12,2.31,0.11,0,0.5
1,0,0,0.1,0,0,1,0.01,0,0.06,0,0
1,0,0,0.1,0,0,1,0.01,0,0.06,0,0
1,0,0,0.1,0,0,1,0.01,0,0.06,0,0
1,0,0,0.1,0,0,1,0.01,0,0.06,0,0
1,0,0,0.1,0,0,1,0.01,0,0.06,0,0
1,0,0,0.1,0,0,1,0.02,0.48,0.06,0,0
1,0,0,0.1,0,0,1,0.01,0,0.06,0,0
1,0,0,0.1,0,0,1,0.04,2.33,0.06,0,0
1,0,0,0.1,0,0,1,0.02,0,0.06,0,0
1,0,0.6,0.1,0,0,1,0.05,2.5,0.07,0,0.15
1,0,0,0.1,0,0,1,0.01,0,0.06,0,0
1,0,0,0.1,0,0,1,0.01,0,0.06,0,0
1,0,0,0.1,0,0,1,0.02,0.02,0.06,0,0
1,0,0,0.1,0,0,1,0.01,0,0.06,0,0
1,0,0,0.1,0,0,1,0.02,1.57,0.06,0,0
1,0,0.81,0.1,0,0,1,0.06,2.67,0.06,0,0
1,0,0.07,0.1,0,0,1,0.05,1.51,0.06,0,0
1,0,0,0.1,0,0,1,0.01,0,0.06,0,0
0.99,0.01,0,0.1,0,0,1,0.24,2.02,0.11,0,0.4
1,0,5.97,0.1,0,0,1,0.07,2.9,0.09,0,0.39
1,0,0,0.1,0,0,1,0.01,0,0.06,0,0
1,0,4.94,0.1,0,0,1,0.07,1.85,0.06,0,0
1,0,2.21,0.1,0,0,1,0.07,1.59,0.08,0,0.2
0.99,0.01,0.82,0.1,0,0,1,0.22,3.12,0.06,0,0
0.99,0.01,153.38,0.1,0,0,1,0.22,3.15,0.06,0,0
1,0,0,0.1,0,0,1,0.01,0.02,0.06,0,0
1,0,1.21,0.1,0,0,1,0.06,2.19,0.08,0,0.16
1,0,0,0.1,0,0,1,0.03,2.47,0.06,0,0
1,0,0,0.1,0,0,1,0,0,0.06,0,0
1,0,0,0.1,0,0,1,0.01,0,0.06,0,0
1,0,0,0.1,0,0,1,0.04,1.55,0.07,0,0.05
1,0,0,0.1,0,0,1,0.03,1.68,0.07,0,0.02
1,0,0.62,0.1,0,0,1,0.06,1.74,0.06,0,0
1,0,0,0.1,0,0,1,0.01,0,0.06,0,0
1,0,11.06,0.1,0,0,1,0.15,2.91,0.06,0,0
1,0,8.78,0.1,0,0,1,0.07,2.9,0.06,0,0
1,0,0,0.1,0,0,1,0.04,1.82,0.06,0,0
1,0,0,0.1,0,0,1,0.03,2.59,0.06,0,0
1,0,0,0.1,0,0,1,0.02,2.19,0.06,0,0
1,0,0,0.1,0,0,1,0.03,1.89,0.06,0,0
1,0,0.34,0.1,0,0,1,0.06,1.87,0.06,0,0
1,0,5.73,0.1,0,0,1,0.14,2.58,0.11,0,0.54
1,0,0,0.1,0,0,1,0.04,2.66,0.07,0,0.04
1,0,0,0.1,0,0,1,0.01,0,0.06,0,0
1,0,0,0.1,0,0,1,0.04,1.94,0.07,0,0.04
1,0,0,0.1,0,0,1,0.01,0.01,0.06,0,0
1,0,16.52,0.1,0,0,1,0.17,2.65,0.06,0,0
1,0,0,0.1,0,0,1,0,0,0.06,0,0
1,0,0,0.1,0,0,1,0,0,0.06,0,0
1,0,0,0.1,0,0,1,0.01,0.01,0.06,0,0
1,0,0,0.1,0,0,1,0.03,2.97,0.06,0,0
1,0,3.8,0.1,0,0,1,0.07,2.15,0.06,0,0
1,0,0,0.1,0,0,1,0,0,0.06,0,0
1,0,7.13,0.1,0,0,1,0.07,2.87,0.06,0,0
1,0,0,0.1,0,0,1,0.02,1.23,0.06,0,0
1,0,0,0.1,0,0,1,0.02,1.09,0.06,0,0
1,0.01,22.33,0.1,0,0,1,0.16,2.58,0.06,0,0
1,0.01,0.64,0.1,0,0,1,0.19,2.91,0.11,0,0.49
1,0,7.99,0.1,0,0,1,0.1,2.54,0.1,0,0.42
1,0,0,0.1,0,0,1,0,0,0.06,0,0
1,0,0,0.1,0,0,1,0.04,2.81,0.07,0,0.06
1,0,0.42,0.1,0,0,1,0.05,1.78,0.07,0,0.13
1,0,74.9,0.1,0,0,1,0.12,2.85,0.06,0,0
1,0,42.86,0.1,0,0,1,0.12,1.88,0.06,0,0
1,0,0,0.1,0,0,1,0.01,0.02,0.06,0,0
1,0,0.42,0.1,0,0,1,0.05,3.28,0.08,0,0.18
1,0,0,0.1,0,0,1,0.02,2.57,0.06,0,0
1,0,9.97,0.1,0,0,1,0.14,2.17,0.06,0,0
1,0,0.94,0.1,0,0,1,0.06,2.86,0.07,0,0.16
1,0,0.99,0.1,0,0,1,0.05,2.2,0.06,0,0
1,0.01,0.64,0.1,0,0,1,0.18,2.85,0.12,0,0.58
1,0,0,0.1,0,0,1,0,0,0.06,0,0
0.99,0,20.08,0.1,0,0,1,0.12,1.88,0.06,0,0
1,0.01,11.26,0.1,0,0,1,0.17,1.9,0.06,0,0
1,0,1.25,0.1,0,0,1,0.05,2.74,0.06,0,0
1,0.01,0.13,0.1,0,0,1,0.23,3.04,0.06,0,0
1,0,0,0.1,0,0,1,0.01,0,0.06,0,0
1,0,0,0.1,0,0,1,0.01,0,0.06,0,0
1,0,0,0.1,0,0,1,0.02,2.15,0.06,0,0
1,0,0,0.1,0,0,1,0.03,2.13,0.06,0,0
1,0.01,1.11,0.1,0,0,1,0.18,2.37,0.1,0,0.44
1,0,0,0.1,0,0,1,0.01,0,0.06,0,0
0.99,0.01,0.14,0.1,0,0,1,0.24,2.82,0.06,0,0
1,0.01,0,0.1,0,0,1,0.19,2.56,0.12,0,0.54
1,0,0,0.1,0,0,1,0.02,2.33,0.06,0,0
1,0,0,0.1,0,0,1,0.04,1.87,0.06,0,0
1,0.01,1.21,0.1,0,0,1,0.21,1.92,0.06,0,0
0.99,0.01,0.94,0.1,0,0,1,0.21,3.08,0.06,0,0
0.99,0,29.85,0.1,0,0,1,0.11,1.73,0.1,0,0.81
0.99,0.01,111.19,0.1,0,0,1,0.22,2.56,0.06,0,0
1,0,1.06,0.1,0,0,1,0.05,3.41,0.06,0,0
1,0,0,0.1,0,0,1,0.03,2.97,0.06,0,0
1,0,0,0.1,0,0,1,0.02,0.08,0.06,0,0
1,0,3.26,0.1,0,0,1,0.16,1.95,0.11,0,0.51
1,0,0,0.1,0,0,1,0.04,1.57,0.06,0,0
1,0,4.36,0.1,0,0,1,0.08,2.09,0.06,0,0
1,0,0,0.1,0,0,1,0.01,0,0.06,0,0
1,0,2.33,0.1,0,0,1,0.07,2.04,0.08,0,0.21
1,0,0,0.1,0,0,1,0.02,2.03,0.06,0,0
1,0,0,0.1,0,0,1,0.02,2.16,0.06,0,0
1,0,0,0.1,0,0,1,0.02,2.24,0.06,0,0
1,0,10.5,0.1,0,0,1,0.11,2.36,0.06,0,0
1,0,2.93,0.1,0,0,1,0.07,2.29,0.08,0,0.21
1,0,0.22,0.1,0,0,1,0.05,2.41,0.07,0,0.07
1,0,0,0.1,0,0,1,0.03,2.62,0.07,0,0.01
1,0,13.71,0.1,0,0,1,0.06,2.3,0.11,0,1.26
1,0,0,0.1,0,0,1,0.01,0,0.06,0,0
1,0,0,0.1,0,0,1,0.01,0,0.06,0,0
1,0,0,0.1,0,0,1,0.01,0,0.06,0,0
1,0,0,0.1,0,0,1,0.01,0,0.06,0,0
1,0,0,0.1,0,0,1,0.01,0,0.06,0,0
1,0,0,0.1,0,0,1,0.01,0,0.06,0,0
1,0,0,0.1,0,0,1,0.01,0,0.06,0,0
1,0,0.11,0.1,0,0,1,0.05,2.24,0.07,0,0.12
1,0,0,0.1,0,0,1,0.04,2.01,0.07,0,0.07
1,0,0,0.1,0,0,1,0.04,1.69,0.07,0,0.02
1,0,1.71,0.1,0,0,1,0.05,1.72,0.06,0,0
1,0,0,0.1,0,0,1,0.02,0.04,0.06,0,0
1,0,0,0.1,0,0,1,0.03,2.25,0.06,0,0
1,0,2.91,0.1,0,0,1,0.16,2.3,0.1,0,0.44
1,0,0,0.1,0,0,1,0.04,2,0.06,0,0
1,0,0,0.1,0,0,1,0,0,0.06,0,0
1,0,0.63,0.1,0,0,1,0.05,2.38,0.06,0,0
1,0,29.32,0.1,0,0,1,0.13,2.55,0.06,0,0
1,0,11.71,0.1,0,0,1,0.08,2.15,0.06,0,0
1,0,30.86,0.1,0,0,1,0.12,2.58,0.06,0,0
1,0,0,0.1,0,0,1,0.03,2.01,0.06,0,0
1,0,0,0.1,0,0,1,0.03,2.19,0.07,0,0.01
1,0,0,0.1,0,0,1,0.02,0,0.06,0,0
1,0.01,134.3,0.1,0,0,1,0.19,3.11,0.06,0,0
1,0,0,0.1,0,0,1,0.02,1.73,0.06,0,0
1,0,0,0.1,0,0,1,0,0,0.06,0,0
1,0,0,0.1,0,0,1,0.02,2.03,0.06,0,0
1,0,4.57,0.1,0,0,1,0.08,1.82,0.09,0,0.33
1,0,0,0.1,0,0,1,0.03,2.28,0.06,0,0
1,0.01,94.07,0.1,0,0,1,0.2,2.08,0.06,0,0
1,0,0.8,0.1,0,0,1,0.05,2.7,0.06,0,0
1,0,5.17,0.1,0,0,1,0.07,2.83,0.09,0,0.34
1,0,0,0.1,0,0,1,0.01,0.01,0.06,0,0
1,0,0,0.1,0,0,1,0.02,2.27,0.06,0,0
1,0,11.06,0.1,0,0,1,0.1,2.68,0.06,0,0
1,0,0,0.1,0,0,1,0.01,0,0.06,0,0
1,0,0,0.1,0,0,1,0.02,1.69,0.06,0,0
1,0,4.82,0.1,0,0,1,0.09,2.05,0.09,0,0.32
1,0,1.86,0.1,0,0,1,0.06,2.47,0.06,0,0
1,0,13.31,0.1,0,0,1,0.09,2.94,0.06,0,0
1,0,29.7,0.1,0,0,1,0.12,2.63,0.06,0,0
1,0,0,0.1,0,0,1,0.03,2.46,0.07,0,0.02
1,0,0,0.1,0,0,1,0.02,0,0.06,0,0
1,0,0,0.1,0,0,1,0,0,0.06,0,0
1,0,0,0.1,0,0,1,0,0,0.06,0,0
1,0,16.97,0.1,0,0,1,0.09,2.02,0.11,0,0.61
1,0,0,0.1,0,0,1,0.02,2.71,0.06,0,0
1,0,0,0.1,0,0,1,0,0,0.06,0,0
1,0,0,0.1,0,0,1,0.01,0,0.06,0,0
1,0,0,0.1,0,0,1,0.04,2.53,0.07,0,0.08
1,0.01,9.22,0.1,0,0,1,0.16,3.02,0.06,0,0
1,0,0,0.1,0,0,1,0.01,0.01,0.06,0,0
1,0,0,0.1,0,0,1,0.03,1.97,0.06,0,0
1,0,0,0.1,0,0,1,0.03,2.05,0.06,0,0
1,0,0,0.1,0,0,1,0.01,0,0.06,0,0
0.99,0.01,0,0.1,0,0,1,0.22,2.86,0.12,0,0.54
1,0,0,0.1,0,0,1,0.01,0,0.06,0,0
0.99,0,6.44,0.1,0,0,1,0.14,3.46,0.11,0,0.62
1,0,9.12,0.1,0,0,1,0.07,2.96,0.06,0,0
0.99,0.01,3.73,0.1,0,0,1,0.18,2.37,0.06,0,0
1,0,0.16,0.1,0,0,1,0.05,1.91,0.07,0,0.1
1,0,28.97,0.1,0,0,1,0.09,1.96,0.11,0,0.82
1,0,0,0.1,0,0,1,0.04,2.5,0.06,0,0
1,0,0,0.1,0,0,1,0.02,0.02,0.06,0,0
1,0,3.09,0.1,0,0,1,0.07,2.22,0.08,0,0.21
1,0,34.04,0.1,0,0,1,0.12,2.74,0.1,0,0.48
1,0,0,0.1,0,0,1,0,0,0.06,0,0
0.99,0.01,2.65,0.1,0,0,1,0.16,3.06,0.1,0,0.5
1,0.01,0.11,0.1,0,0,1,0.24,2.31,0.06,0,0
1,0,0,0.1,0,0,1,0,0,0.06,0,0
1,0,0.88,0.1,0,0,1,0.05,2.88,0.06,0,0
1,0,0,0.1,0,0,1,0.01,0,0.06,0,0
1,0,0,0.1,0,0,1,0.05,2.28,0.07,0,0.1
1,0,0,0.1,0,0,1,0.03,2.22,0.06,0,0
1,0,17.36,0.1,0,0,1,0.16,1.83,0.06,0,0
1,0,0,0.1,0,0,1,0.04,1.7,0.06,0,0
1,0,0,0.1,0,0,1,0.04,1.84,0.07,0,0.02
1,0,0,0.1,0,0,1,0.01,0,0.06,0,0
1,0,0,0.1,0,0,1,0.04,2.86,0.07,0,0.06
1,0,10.47,0.1,0,0,1,0.07,2.47,0.06,0,0
1,0,9.18,0.1,0,0,1,0.14,1.69,0.06,0,0
1,0,0,0.1,0,0,1,0,0,0.06,0,0
1,0,5.36,0.1,0,0,1,0.07,2.11,0.06,0,0
1,0,13.25,0.1,0,0,1,0.11,2.3,0.06,0,0
1,0,0,0.1,0,0,1,0,0,0.06,0,0
1,0,2.28,0.1,0,0,1,0.06,2.52,0.06,0,0
1,0,0,0.1,0,0,1,0.01,0,0.06,0,0
1,0,31.32,0.1,0,0,1,0.07,3.18,0.11,0,1.25
1,0,0,0.1,0,0,1,0.03,2.13,0.06,0,0
1,0,0,0.1,0,0,1,0.01,0,0.06,0,0
1,0,0.21,0.1,0,0,1,0.05,2.24,0.07,0,0.08
1,0,12.08,0.1,0,0,1,0.12,2.52,0.06,0,0
1,0,0,0.1,0,0,1,0.01,0,0.06,0,0
1,0,0,0.1,0,0,1,0.04,2.72,0.06,0,0
1,0.01,5.08,0.1,0,0,1,0.17,2.21,0.06,0,0
1,0,7.78,0.1,0,0,1,0.12,2.69,0.11,0,0.58
1,0.01,2.13,0.1,0,0,1,0.19,2.81,0.06,0,0
1,0,0,0.1,0,0,1,0.01,0,0.06,0,0
1,0,0,0.1,0,0,1,0.01,0,0.06,0,0
1,0.01,43.14,0.1,0,0,1,0.12,2.34,0.12,0,1.14
1,0,0,0.1,0,0,1,0.02,0.04,0.06,0,0
1,0,0,0.1,0,0,1,0.02,1.07,0.06,0,0
1,0,10.08,0.1,0,0,1,0.1,2.01,0.06,0,0
1,0,42.75,0.1,0,0,1,0.1,2,0.06,0,0
1,0,4.18,0.1,0,0,1,0.15,2.36,0.1,0,0.46
1,0,0,0.1,0,0,1,0.01,0,0.06,0,0
1,0,7.24,0.1,0,0,1,0.08,3.2,0.09,0,0.38
1,0,0,0.1,0,0,1,0.03,2.11,0.06,0,0
1,0,4.77,0.1,0,0,1,0.08,2.01,0.09,0,0.31
1,0,0,0.1,0,0,1,0,0,0.06,0,0
1,0,30.65,0.1,0,0,1,0.09,2.03,0.06,0,0
1,0,16.58,0.1,0,0,1,0.17,2.6,0.06,0,0
0.99,0.01,88.02,0.1,0,0,1,0.18,1.83,0.06,0,0
1,0,0,0.1,0,0,1,0.01,0,0.06,0,0
1,0,0,0.1,0,0,1,0.04,2.77,0.06,0,0
1,0,0.86,0.1,0,0,1,0.06,2.82,0.08,0,0.2
1,0,0,0.1,0,0,1,0,0,0.06,0,0
1,0,4.87,0.1,0,0,1,0.11,1.9,0.1,0,0.43
0.99,0.01,0,0.1,0,0,1,0.24,1.74,0.1,0,0.37
1,0,0,0.1,0,0,1,0.04,2.99,0.07,0,0.05
1,0,5.16,0.1,0,0,1,0.1,1.58,0.09,0,0.34
0.99,0.01,0.73,0.1,0,0,1,0.25,1.91,0.06,0,0
1,0,0,0.1,0,0,1,0,0,0.06,0,0
0.99,0,24.88,0.1,0,0,1,0.15,2.48,0.06,0,0
1,0,0,0.1,0,0,1,0.02,1.74,0.06,0,0
0.99,0.01,2.41,0.1,0,0,1,0.16,2.51,0.11,0,0.47
1,0,8.9,0.1,0,0,1,0.09,2.04,0.06,0,0
1,0,0,0.1,0,0,1,0.01,0,0.06,0,0
1,0,6.09,0.1,0,0,1,0.07,2.9,0.06,0,0
1,0,7.46,0.1,0,0,1,0.16,1.77,0.06,0,0
1,0,0,0.1,0,0,1,0.03,2.22,0.06,0,0
1,0,0,0.1,0,0,1,0.04,2.47,0.06,0,0
1,0,6.02,0.1,0,0,1,0.13,2.13,0.1,0,0.45
1,0,0,0.1,0,0,1,0.01,0,0.06,0,0
1,0,0,0.1,0,0,1,0.01,0.02,0.06,0,0
1,0,0,0.1,0,0,1,0.01,0,0.06,0,0
1,0,12.14,0.1,0,0,1,0.08,2.05,0.06,0,0
1,0,0,0.1,0,0,1,0.01,0,0.06,0,0
1,0,0,0.1,0,0,1,0.01,0,0.06,0,0
1,0,0.76,0.1,0,0,1,0.05,1.54,0.06,0,0
1,0,0,0.1,0,0,1,0.02,0.02,0.06,0,0
1,0,0,0.1,0,0,1,0,0,0.06,0,0
1,0,0.17,0.1,0,0,1,0.05,1.95,0.06,0,0
1,0,0,0.1,0,0,1,0,0,0.06,0,0
1,0,14.15,0.1,0,0,1,0.11,2.24,0.06,0,0
1,0,13.61,0.1,0,0,1,0.07,3.18,0.06,0,0
1,0,0,0.1,0,0,1,0.03,2.02,0.06,0,0
1,0,3.96,0.1,0,0,1,0.05,2.46,0.11,0,1.54
1,0,0,0.1,0,0,1,0.02,0,0.06,0,0
1,0,0.26,0.1,0,0,1,0.05,2.62,0.07,0,0.12
1,0,0,0.1,0,0,1,0.01,0,0.06,0,0
1,0,0.93,0.1,0,0,1,0.06,1.62,0.07,0,0.15
1,0,0,0.1,0,0,1,0.01,0,0.06,0,0
1,0.01,0.98,0.1,0,0,1,0.19,1.64,0.06,0,0
1,0,0,0.1,0,0,1,0.01,0.01,0.06,0,0
1,0,0,0.1,0,0,1,0.02,2.41,0.06,0,0
1,0,6.48,0.1,0,0,1,0.12,2.44,0.1,0,0.42
1,0,0,0.1,0,0,1,0.04,2.27,0.06,0,0
1,0,0,0.1,0,0,1,0.01,0,0.06,0,0
1,0,0,0.1,0,0,1,0.02,0.05,0.06,0,0
1,0,7.85,0.1,0,0,1,0.07,3.17,0.06,0,0
1,0,0,0.1,0,0,1,0.01,0,0.06,0,0
1,0,0,0.1,0,0,1,0,0,0.06,0,0
1,0,0.94,0.1,0,0,1,0.06,2.35,0.06,0,0
1,0,0,0.1,0,0,1,0.03,1.5,0.06,0,0
1,0,0,0.1,0,0,1,0.01,0,0.06,0,0
1,0,0,0.1,0,0,1,0.03,1.6,0.06,0,0
1,0,0,0.1,0,0,1,0.03,2.09,0.06,0,0
1,0,0,0.1,0,0,1,0.01,0,0.06,0,0
0.99,0.01,0.34,0.1,0,0,1,0.21,2.38,0.06,0,0
1,0,0,0.1,0,0,1,0.01,0,0.06,0,0
1,0.01,47.91,0.1,0,0,1,0.14,2.09,0.11,0,0.92
1,0,6.38,0.1,0,0,1,0.09,2.13,0.06,0,0
1,0,0,0.1,0,0,1,0,0,0.06,0,0
1,0,0,0.1,0,0,1,0.04,2.09,0.07,0,0.04
1,0,25.33,0.1,0,0,1,0.13,2.64,0.06,0,0
1,0,8.75,0.1,0,0,1,0.08,2.22,0.06,0,0
1,0.01,0.59,0.1,0,0,1,0.18,3.06,0.11,0,0.53
1,0,0,0.1,0,0,1,0.02,1.89,0.06,0,0
1,0,0,0.1,0,0,1,0.02,0.01,0.06,0,0
1,0,11.17,0.1,0,0,1,0.11,1.86,0.06,0,0
1,0,0,0.1,0,0,1,0.04,1.54,0.07,0,0.04
1,0,0,0.1,0,0,1,0.01,0.01,0.06,0,0
0.99,0.01,3.22,0.1,0,0,1,0.17,1.98,0.06,0,0
1,0,13.37,0.1,0,0,1,0.13,2.6,0.06,0,0
1,0.01,4.89,0.1,0,0,1,0.2,2.61,0.06,0,0
1,0,0,0.1,0,0,1,0.01,0,0.06,0,0
1,0,0,0.1,0,0,1,0.02,0.9,0.06,0,0
1,0,7.85,0.1,0,0,1,0.07,1.91,0.06,0,0
1,0,0,0.1,0,0,1,0,0,0.06,0,0
1,0,32.85,0.1,0,0,1,0.11,1.92,0.11,0,0.88
0.99,0,13.87,0.1,0,0,1,0.12,3.05,0.06,0,0
0.99,0.01,1.57,0.1,0,0,1,0.17,2.69,0.1,0,0.45
1,0,0,0.1,0,0,1,0.04,1.72,0.07,0,0.06
1,0,3.29,0.1,0,0,1,0.07,2.39,0.08,0,0.28
1,0,0,0.1,0,0,1,0.03,2.34,0.06,0,0
1,0,0.14,0.1,0,0,1,0.06,3.06,0.07,0,0.16
1,0,10.12,0.1,0,0,1,0.12,1.95,0.06,0,0
1,0,0,0.1,0,0,1,0.01,0,0.06,0,0
1,0,0,0.1,0,0,1,0.01,0,0.06,0,0
1,0,0,0.1,0,0,1,0.01,0,0.06,0,0
1,0,0,0.1,0,0,1,0.01,0,0.06,0,0
1,0,0,0.1,0,0,1,0,0,0.06,0,0
1,0,0,0.1,0,0,1,0.02,1.62,0.06,0,0
1,0,27.81,0.1,0,0,1,0.1,2.64,0.06,0,0
1,0,0,0.1,0,0,1,0.01,0,0.06,0,0
1,0,3.69,0.1,0,0,1,0.07,2.25,0.06,0,0
0.99,0.01,0.57,0.1,0,0,1,0.18,1.85,0.1,0,0.41
0.99,0.01,0.26,0.1,0,0,1,0.18,1.96,0.11,0,0.47
1,0,0,0.1,0,0,1,0.05,2.49,0.06,0,0
1,0,0,0.1,0,0,1,0.03,2.4,0.06,0,0.01
1,0,0,0.1,0,0,1,0,0,0.06,0,0
1,0,0,0.1,0,0,1,0.05,2.65,0.06,0,0
1,0,7.13,0.1,0,0,1,0.07,2.12,0.06,0,0
1,0,0,0.1,0,0,1,0.01,0,0.06,0,0
1,0,0,0.1,0,0,1,0.01,0,0.06,0,0
1,0,0,0.1,0,0,1,0.01,0,0.06,0,0
1,0,69.43,0.1,0,0,1,0.15,1.71,0.06,0,0
1,0,0,0.1,0,0,1,0.04,2.47,0.07,0,0.04
1,0,0,0.1,0,0,1,0,0,0.06,0,0
1,0,0,0.1,0,0,1,0.01,0,0.06,0,0
1,0,0,0.1,0,0,1,0,0,0.06,0,0
0.99,0.01,0,0.1,0,0,1,0.24,2.66,0.11,0,0.45
1,0,0,0.1,0,0,1,0.01,0,0.06,0,0
1,0,0.18,0.1,0,0,1,0.05,1.88,0.07,0,0.09
0.99,0,97.05,0.1,0,0,1,0.15,2.6,0.06,0,0
1,0.01,107.41,0.1,0,0,1,0.19,2.2,0.06,0,0
1,0,0,0.1,0,0,1,0.03,3.27,0.07,0,0.01
1,0,0.78,0.1,0,0,1,0.06,2.7,0.06,0,0
1,0,0,0.1,0,0,1,0.02,2.75,0.06,0,0
1,0,0.3,0.1,0,0,1,0.06,1.65,0.08,0,0.16
1,0,0,0.1,0,0,1,0.02,1.72,0.06,0,0
1,0,7.99,0.1,0,0,1,0.08,2.5,0.06,0,0
0.97,0.01,0.61,0.1,0,0,1,0.24,2.74,0.06,0,0
1,0,0,0.1,0,0,1,0,0,0.06,0,0
1,0,0,0.1,0,0,1,0.01,0,0.06,0,0
1,0,0,0.1,0,0,1,0.02,0,0.06,0,0
1,0,0,0.1,0,0,1,0.01,0,0.06,0,0
1,0,0,0.1,0,0,1,0.01,0,0.06,0,0
1,0,5.36,0.1,0,0,1,0.09,2.26,0.09,0,0.36
1,0,0.46,0.1,0,0,1,0.05,1.94,0.08,0,0.18
0.99,0.01,0.09,0.1,0,0,1,0.23,2.09,0.06,0,0
1,0,3.85,0.1,0,0,1,0.08,1.7,0.09,0,0.31
1,0,8.9,0.1,0,0,1,0.09,2.18,0.06,0,0
1,0,0,0.1,0,0,1,0.03,2.55,0.06,0,0
0.99,0.01,65.43,0.1,0,0,1,0.14,2.04,0.06,0,0
1,0,0,0.1,0,0,1,0.01,0,0.06,0,0
1,0,0,0.1,0,0,1,0.01,0,0.06,0,0
1,0,0.75,0.1,0,0,1,0.06,1.9,0.06,0,0
1,0,4.52,0.1,0,0,1,0.12,1.86,0.1,0,0.44
1,0,0,0.1,0,0,1,0.01,0,0.06,0,0
1,0,0,0.1,0,0,1,0.03,3.18,0.07,0,0.01
0.99,0,5.55,0.1,0,0,1,0.14,2.58,0.1,0,0.4
1,0,94.79,0.1,0,0,1,0.14,2.66,0.06,0,0
1,0,0,0.1,0,0,1,0.01,0,0.06,0,0
0.99,0.01,0.61,0.1,0,0,1,0.21,3.16,0.06,0,0
1,0,6.72,0.1,0,0,1,0.15,2.08,0.06,0,0
1,0,6.32,0.1,0,0,1,0.1,2.67,0.09,0,0.4
1,0,0,0.1,0,0,1,0,0,0.06,0,0
1,0,0,0.1,0,0,1,0.02,2.08,0.06,0,0
1,0,0,0.1,0,0,1,0.02,0.65,0.06,0,0
1,0,0,0.1,0,0,1,0.03,2.79,0.06,0,0
1,0,0.24,0.1,0,0,1,0.06,1.65,0.07,0,0.15
1,0.01,0,0.1,0,0,1,0.23,3.19,0.12,0,0.57
1,0,0,0.1,0,0,1,0.02,1.73,0.06,0,0
1,0,15.81,0.1,0,0,1,0.07,2.95,0.06,0,0
1,0,0,0.1,0,0,1,0.04,2.38,0.06,0,0
0.99,0.01,0.43,0.1,0,0,1,0.2,3.21,0.11,0,0.56
1,0,9.52,0.1,0,0,1,0.07,2.18,0.06,0,0
1,0,0,0.1,0,0,1,0.01,0,0.06,0,0
1,0,0,0.1,0,0,1,0.03,2.26,0.06,0,0
1,0,14.97,0.1,0,0,1,0.09,2.7,0.09,0,0.36
1,0,0,0.1,0,0,1,0.04,2.33,0.07,0,0.03
1,0,61.84,0.1,0,0,1,0.11,2.26,0.06,0,0
1,0,0,0.1,0,0,1,0.04,1.92,0.06,0,0
0.99,0.01,7.82,0.1,0,0,1,0.18,1.76,0.06,0,0
1,0,4.93,0.1,0,0,1,0.13,2.06,0.1,0,0.46
1,0,0,0.1,0,0,1,0.02,1.82,0.06,0,0
0.99,0,20.17,0.1,0,0,1,0.15,2.02,0.06,0,0
1,0,0,0.1,0,0,1,0,0,0.06,0,0
1,0,0,0.1,0,0,1,0.01,0,0.06,0,0
1,0,0,0.1,0,0,1,0.03,2.3,0.06,0,0
1,0,0,0.1,0,0,1,0.01,0,0.06,0,0
1,0,0,0.1,0,0,1,0.03,2.32,0.06,0,0
1,0,0,0.1,0,0,1,0.02,1.76,0.06,0,0
1,0,12.16,0.1,0,0,1,0.09,2.09,0.06,0,0
1,0,0,0.1,0,0,1,0.05,1.66,0.07,0,0.08
1,0,0.19,0.1,0,0,1,0.05,2.08,0.07,0,0.12
1,0,0.34,0.1,0,0,1,0.05,2.47,0.07,0,0.16
0.99,0.01,0.45,0.1,0,0,1,0.24,2.28,0.06,0,0
1,0,21.2,0.1,0,0,1,0.11,1.95,0.06,0,0
1,0,0,0.1,0,0,1,0.03,1.93,0.06,0,0
0.99,0.01,1.66,0.1,0,0,1,0.2,2.21,0.06,0,0
1,0,0,0.1,0,0,1,0.01,0,0.06,0,0
1,0,0,0.1,0,0,1,0.02,2.32,0.06,0,0
1,0,0,0.1,0,0,1,0.01,0,0.06,0,0
1,0,0,0.1,0,0,1,0,0,0.06,0,0
1,0,82.21,0.1,0,0,1,0.15,2.14,0.06,0,0
1,0,0,0.1,0,0,1,0.02,1.04,0.06,0,0
1,0,103.68,0.1,0,0,1,0.15,2.75,0.06,0,0
1,0,0,0.1,0,0,1,0.02,1.95,0.06,0,0
1,0,89.94,0.1,0,0,1,0.14,2.66,0.06,0,0
1,0,0.22,0.1,0,0,1,0.04,2.44,0.06,0,0
1,0,0,0.1,0,0,1,0.01,0,0.06,0,0
1,0,38.86,0.1,0,0,1,0.09,2.81,0.06,0,0
1,0,0,0.1,0,0,1,0.01,0,0.06,0,0
1,0.01,0,0.1,0,0,1,0.22,1.48,0.1,0,0.32
1,0,0,0.1,0,0,1,0.04,2.29,0.06,0,0
1,0,2.08,0.1,0,0,1,0.07,2.22,0.09,0,0.29
1,0,0,0.1,0,0,1,0.02,1.71,0.06,0,0
1,0,0,0.1,0,0,1,0.01,0,0.06,0,0
1,0,0,0.1,0,0,1,0.01,0,0.06,0,0
1,0,0,0.1,0,0,1,0.01,0,0.06,0,0
0.99,0,6.27,0.1,0,0,1,0.17,2.72,0.06,0,0
1,0,0,0.1,0,0,1,0.01,0,0.06,0,0
1,0,1.63,0.1,0,0,1,0.06,2.13,0.06,0,0
1,0,0,0.1,0,0,1,0,0,0.06,0,0
1,0,0,0.1,0,0,1,0.01,0,0.06,0,0
1,0,1.41,0.1,0,0,1,0.06,3.19,0.08,0,0.26
1,0,0.12,0.1,0,0,1,0.05,2.82,0.06,0,0
1,0,0,0.1,0,0,1,0,0,0.06,0,0
1,0.01,0.71,0.1,0,0,1,0.22,1.44,0.06,0,0
0.99,0.01,1.7,0.1,0,0,1,0.17,3.03,0.11,0,0.58
1,0,0,0.1,0,0,1,0.01,0,0.06,0,0
0.99,0,3.74,0.1,0,0,1,0.14,2.4,0.11,0,0.51
1,0,0,0.1,0,0,1,0.03,2.06,0.06,0,0
1,0,0,0.1,0,0,1,0.01,0,0.06,0,0
1,0,4.98,0.1,0,0,1,0.08,2.1,0.06,0,0
1,0,0,0.1,0,0,1,0.01,0,0.06,0,0
1,0,21.32,0.1,0,0,1,0.1,2.4,0.06,0,0
1,0,0,0.1,0,0,1,0.02,0.44,0.06,0,0
1,0,7.01,0.1,0,0,1,0.07,3.26,0.06,0,0
1,0,0,0.1,0,0,1,0.01,0,0.06,0,0
1,0,0,0.1,0,0,1,0.01,0,0.06,0,0
1,0,0,0.1,0,0,1,0.01,0,0.06,0,0
1,0,0,0.1,0,0,1,0,0,0.06,0,0
1,0,0,0.1,0,0,1,0.04,2.31,0.06,0,0
1,0.01,0.18,0.1,0,0,1,0.21,1.96,0.06,0,0
1,0,0.57,0.1,0,0,1,0.05,3.03,0.08,0,0.19
1,0.01,6.39,0.1,0,0,1,0.17,3.05,0.06,0,0
1,0,0,0.1,0,0,1,0.03,1.87,0.06,0,0
1,0,0,0.1,0,0,1,0.01,0,0.06,0,0
1,0,0,0.1,0,0,1,0.02,2.03,0.06,0,0
1,0,0,0.1,0,0,1,0,0,0.06,0,0
1,0,4.02,0.1,0,0,1,0.06,2.72,0.06,0,0
1,0,19.13,0.1,0,0,1,0.1,2.29,0.06,0,0
1,0,0,0.1,0,0,1,0,0,0.06,0,0
1,0,0,0.1,0,0,1,0.03,1.7,0.07,0,0.01
1,0.01,7.37,0.1,0,0,1,0.16,2.56,0.06,0,0
0.99,0.01,0.8,0.1,0,0,1,0.21,2.14,0.06,0,0
1,0.01,8.14,0.1,0,0,1,0.19,2.39,0.06,0,0
1,0,7.11,0.1,0,0,1,0.09,3.01,0.09,0,0.42
1,0,0,0.1,0,0,1,0.04,2.06,0.06,0,0
1,0,0,0.1,0,0,1,0.01,0,0.06,0,0
1,0,0,0.1,0,0,1,0,0,0.06,0,0
0.99,0.01,0,0.1,0,0,1,0.2,2.27,0.11,0,0.46
0.99,0.01,0.08,0.1,0,0,1,0.22,1.59,0.1,0,0.34
1,0,11.74,0.1,0,0,1,0.13,2.1,0.06,0,0
1,0.01,1.04,0.1,0,0,1,0.23,2.04,0.06,0,0
1,0,0.1,0.1,0,0,1,0.05,2.3,0.07,0,0.09
1,0,0,0.1,0,0,1,0.01,0.02,0.06,0,0
1,0,10.8,0.1,0,0,1,0.1,2.4,0.06,0,0
1,0,0,0.1,0,0,1,0.01,0,0.06,0,0
1,0.01,1.51,0.1,0,0,1,0.24,2.2,0.06,0,0
1,0,0,0.1,0,0,1,0.04,2.3,0.06,0,0
1,0,0,0.1,0,0,1,0.01,0,0.06,0,0
1,0,0.11,0.1,0,0,1,0.05,2.51,0.07,0,0.09
1,0,0,0.1,0,0,1,0.01,0,0.06,0,0
0.99,0.01,0,0.1,0,0,1,0.23,2.16,0.1,0,0.36
1,0,0,0.1,0,0,1,0.03,2.09,0.06,0,0
1,0,0,0.1,0,0,1,0.01,0,0.06,0,0
1,0,0,0.1,0,0,1,0.02,1.15,0.06,0,0
1,0,0,0.1,0,0,1,0.04,3.15,0.07,0,0.05
1,0,2.06,0.1,0,0,1,0.06,3.37,0.06,0,0
1,0,0,0.1,0,0,1,0,0,0.06,0,0
1,0,0,0.1,0,0,1,0.01,0,0.06,0,0
1,0,0.12,0.1,0,0,1,0.05,2.72,0.07,0,0.13
1,0,0,0.1,0,0,1,0,0,0.06,0,0
1,0,9.73,0.1,0,0,1,0.15,2.35,0.06,0,0
1,0,0,0.1,0,0,1,0,0,0.06,0,0
1,0,0,0.1,0,0,1,0.01,0,0.06,0,0
1,0,0,0.1,0,0,1,0.01,0,0.06,0,0
1,0,3.58,0.1,0,0,1,0.08,2.03,0.08,0,0.24
0.99,0,24.63,0.1,0,0,1,0.1,2.28,0.06,0,0
1,0,0,0.1,0,0,1,0.01,0,0.06,0,0
1,0,20.75,0.1,0,0,1,0.11,2.13,0.06,0,0
1,0,0,0.1,0,0,1,0.04,2.33,0.06,0,0
0.99,0.01,0,0.1,0,0,1,0.23,2.48,0.06,0,0
1,0,0,0.1,0,0,1,0.02,1.07,0.06,0,0
1,0,0,0.1,0,0,1,0.01,0,0.06,0,0
1,0,0,0.1,0,0,1,0.01,0,0.06,0,0
1,0,0,0.1,0,0,1,0.01,0,0.06,0,0
0.99,0.01,122.02,0.1,0,0,1,0.23,2.73,0.06,0,0
1,0,0,0.1,0,0,1,0,0,0.06,0,0
0.99,0.01,78.76,0.1,0,0,1,0.17,1.82,0.06,0,0
1,0,1.42,0.1,0,0,1,0.05,2.57,0.08,0,0.24
0.99,0,4.98,0.1,0,0,1,0.07,2.67,0.08,0,0.26
1,0.01,0.63,0.1,0,0,1,0.21,3.19,0.06,0,0
1,0,0,0.1,0,0,1,0.03,2.14,0.06,0,0
1,0,0,0.1,0,0,1,0,0,0.06,0,0
1,0,0,0.1,0,0,1,0.02,0.86,0.06,0,0
1,0,19.42,0.1,0,0,1,0.09,2.7,0.06,0,0
1,0,5.34,0.1,0,0,1,0.08,2.04,0.08,0,0.28
1,0,0,0.1,0,0,1,0.04,2.43,0.07,0,0.05
1,0,0,0.1,0,0,1,0.01,0,0.06,0,0
0.99,0.01,5.6,0.1,0,0,1,0.17,2.1,0.06,0,0
1,0,0,0.1,0,0,1,0.03,1.82,0.06,0,0
1,0,0,0.1,0,0,1,0.03,2.81,0.06,0,0
1,0,19.88,0.1,0,0,1,0.1,1.74,0.06,0,0
1,0,0,0.1,0,0,1,0.01,0,0.06,0,0
0.99,0.01,115.67,0.1,0,0,1,0.16,2.57,0.06,0,0
0.99,0.01,2.26,0.1,0,0,1,0.23,2.46,0.06,0,0
1,0,6.92,0.1,0,0,1,0.13,2.61,0.1,0,0.43
1,0,0,0.1,0,0,1,0.01,0,0.06,0,0
1,0,0,0.1,0,0,1,0.04,2.47,0.07,0,0.07
1,0,0,0.1,0,0,1,0,0,0.06,0,0
1,0,1.12,0.1,0,0,1,0.06,2.3,0.08,0,0.21
1,0,0,0.1,0,0,1,0.01,0,0.06,0,0
0.99,0.01,1.63,0.1,0,0,1,0.23,2.04,0.06,0,0
1,0,0,0.1,0,0,1,0.02,1.67,0.06,0,0
1,0,0,0.1,0,0,1,0.01,0,0.06,0,0
1,0,0,0.1,0,0,1,0.02,0.24,0.06,0,0
1,0,20.62,0.1,0,0,1,0.12,1.89,0.06,0,0
1,0.01,1.51,0.1,0,0,1,0.16,1.54,0.1,0,0.39
1,0,0,0.1,0,0,1,0.01,0,0.06,0,0
0.99,0.01,3.94,0.1,0,0,1,0.2,2.8,0.06,0,0
1,0.01,0.4,0.1,0,0,1,0.2,1.73,0.11,0,0.4
1,0,0,0.1,0,0,1,0,0,0.06,0,0
1,0,0,0.1,0,0,1,0,0,0.06,0,0
1,0,0,0.1,0,0,1,0.01,0,0.06,0,0
1,0,3.21,0.1,0,0,1,0.05,2.04,0.06,0,0
1,0,0,0.1,0,0,1,0.02,0.29,0.06,0,0
1,0,0,0.1,0,0,1,0.01,0,0.06,0,0
1,0,0,0.1,0,0,1,0.01,0,0.06,0,0
1,0,0,0.1,0,0,1,0.03,1.59,0.06,0,0
1,0,4.46,0.1,0,0,1,0.05,2.74,0.12,0,1.69
1,0,0.24,0.1,0,0,1,0.06,1.81,0.06,0,0
1,0.01,1.36,0.1,0,0,1,0.2,2.43,0.06,0,0
1,0,0,0.1,0,0,1,0.03,3.29,0.07,0,0.02
1,0.01,128.39,0.1,0,0,1,0.2,2.76,0.06,0,0
1,0,0,0.1,0,0,1,0.01,0,0.06,0,0
1,0,0,0.1,0,0,1,0.01,0,0.06,0,0
1,0,0,0.1,0,0,1,0.03,1.88,0.06,0,0
1,0,9.81,0.1,0,0,1,0.13,2.22,0.06,0,0
1,0,9.13,0.1,0,0,1,0.12,3.18,0.1,0,0.46
1,0.01,97.73,0.1,0,0,1,0.19,2.01,0.06,0,0
1,0,0,0.1,0,0,1,0.03,1.76,0.06,0,0
1,0,0,0.1,0,0,1,0,0,0.06,0,0
1,0,0,0.1,0,0,1,0.01,0,0.06,0,0
1,0,5.41,0.1,0,0,1,0.07,3.24,0.09,0,0.39
1,0,22.94,0.1,0,0,1,0.09,2.97,0.06,0,0
0.99,0.01,1.83,0.1,0,0,1,0.17,3.18,0.11,0,0.56
1,0,0,0.1,0,0,1,0.04,2.63,0.06,0,0
1,0,0,0.1,0,0,1,0,0,0.06,0,0
1,0,0,0.1,0,0,1,0.02,2.23,0.06,0,0
1,0,0,0.1,0,0,1,0.04,2.85,0.06,0,0
1,0,11.3,0.1,0,0,1,0.16,3.11,0.06,0,0
1,0,0,0.1,0,0,1,0.01,0.01,0.06,0,0
1,0,16.09,0.1,0,0,1,0.13,2.95,0.06,0,0
1,0,0,0.1,0,0,1,0.03,2.08,0.06,0,0
1,0.01,3.6,0.1,0,0,1,0.16,3.05,0.11,0,0.6
1,0,13.77,0.1,0,0,1,0.1,3.01,0.06,0,0
0.99,0.01,0.38,0.1,0,0,1,0.2,2.17,0.1,0,0.43
1,0,0,0.1,0,0,1,0,0,0.06,0,0
1,0,0,0.1,0,0,1,0.05,2.74,0.07,0,0.07
1,0,0,0.1,0,0,1,0.02,2.23,0.06,0,0
0.99,0.01,0.46,0.1,0,0,1,0.21,1.75,0.06,0,0
1,0,0,0.1,0,0,1,0,0,0.06,0,0
0.99,0,14.51,0.1,0,0,1,0.12,2.24,0.06,0,0
1,0,0,0.1,0,0,1,0.01,0,0.06,0,0
1,0,0,0.1,0,0,1,0.01,0,0.06,0,0
1,0,0,0.1,0,0,1,0.02,2.06,0.06,0,0
1,0,1.48,0.1,0,0,1,0.05,2.42,0.06,0,0
1,0,4.05,0.1,0,0,1,0.07,1.95,0.06,0,0
1,0,0.29,0.1,0,0,1,0.05,2.25,0.06,0,0
1,0,0,0.1,0,0,1,0.01,0,0.06,0,0
1,0,0,0.1,0,0,1,0.01,0,0.06,0,0
0.99,0.01,101.69,0.1,0,0,1,0.18,2.08,0.06,0,0
1,0,0,0.1,0,0,1,0.02,2.14,0.06,0,0
1,0,0,0.1,0,0,1,0.02,3.23,0.06,0,0
1,0,0,0.1,0,0,1,0.01,0,0.06,0,0
1,0,0,0.1,0,0,1,0.02,2.9,0.06,0,0
1,0.01,0.1,0.1,0,0,1,0.23,1.93,0.06,0,0
1,0,0,0.1,0,0,1,0.01,0.1,0.06,0,0
1,0.01,1.25,0.1,0,0,1,0.18,2,0.11,0,0.5
1,0.01,0.29,0.1,0,0,1,0.19,3.03,0.11,0,0.54
1,0,0,0.1,0,0,1,0,0,0.06,0,0
1,0.01,0.15,0.1,0,0,1,0.21,3.3,0.06,0,0
0.99,0,5.43,0.1,0,0,1,0.13,2.06,0.1,0,0.39
0.99,0.01,137.84,0.1,0,0,1,0.24,3.14,0.06,0,0
1,0,0,0.1,0,0,1,0.03,2.3,0.06,0,0
1,0,0,0.1,0,0,1,0.01,0,0.06,0,0
1,0,0.07,0.1,0,0,1,0.05,1.74,0.06,0,0
1,0,0,0.1,0,0,1,0.04,2.59,0.06,0,0
1,0,0,0.1,0,0,1,0.01,0,0.06,0,0
1,0,0.73,0.1,0,0,1,0.06,1.66,0.06,0,0
1,0,20.35,0.1,0,0,1,0.17,3.2,0.06,0,0
1,0,20.09,0.1,0,0,1,0.08,2.14,0.06,0,0
1,0,0,0.1,0,0,1,0.05,1.69,0.07,0,0.06
1,0.01,142.99,0.1,0,0,1,0.25,2.85,0.06,0,0
1,0,0,0.1,0,0,1,0.03,2.87,0.06,0,0
1,0,0,0.1,0,0,1,0.04,1.63,0.06,0,0
1,0,10.54,0.1,0,0,1,0.07,2.92,0.06,0,0
0.99,0,11.35,0.1,0,0,1,0.11,2.61,0.06,0,0
1,0,47.47,0.1,0,0,1,0.11,2.61,0.1,0,0.91
1,0,0,0.1,0,0,1,0.01,0.01,0.06,0,0
0.99,0.01,0.69,0.1,0,0,1,0.2,2.52,0.06,0,0
1,0,0,0.1,0,0,1,0.01,0,0.06,0,0
1,0.01,0,0.1,0,0,1,0.23,1.77,0.11,0,0.4
1,0,0,0.1,0,0,1,0.01,0.01,0.06,0,0
1,0,0,0.1,0,0,1,0.01,0,0.06,0,0
1,0,0,0.1,0,0,1,0.01,0,0.06,0,0
1,0,0,0.1,0,0,1,0.04,2.18,0.06,0,0
1,0,7.64,0.1,0,0,1,0.11,1.71,0.06,0,0
1,0,0,0.1,0,0,1,0.01,0,0.06,0,0
1,0,8.58,0.1,0,0,1,0.1,2.28,0.1,0,0.41
1,0,8,0.1,0,0,1,0.12,1.83,0.06,0,0
1,0,0,0.1,0,0,1,0.02,0.94,0.06,0,0
1,0.01,2.88,0.1,0,0,1,0.16,2.6,0.11,0,0.49
1,0,0,0.1,0,0,1,0.04,1.69,0.06,0,0
1,0,0,0.1,0,0,1,0.03,2.65,0.06,0,0
1,0,0,0.1,0,0,1,0.01,0,0.06,0,0
1,0,0,0.1,0,0,1,0.01,0,0.06,0,0
1,0,9.47,0.1,0,0,1,0.11,1.89,0.06,0,0
1,0.01,0,0.1,0,0,1,0.21,2.87,0.11,0,0.51
1,0,6.73,0.1,0,0,1,0.08,2.27,0.06,0,0
1,0,0,0.1,0,0,1,0.01,0.01,0.06,0,0
1,0,0,0.1,0,0,1,0.05,2.76,0.07,0,0.1
1,0.01,4.29,0.1,0,0,1,0.16,1.6,0.06,0,0
1,0,0.12,0.1,0,0,1,0.05,2.57,0.06,0,0
1,0,0,0.1,0,0,1,0,0,0.06,0,0
1,0,0.41,0.1,0,0,1,0.05,3.06,0.06,0,0
0.99,0.01,4.94,0.1,0,0,1,0.18,1.87,0.06,0,0
1,0,0,0.1,0,0,1,0.03,1.7,0.07,0,0.01
1,0,0,0.1,0,0,1,0.01,0.01,0.06,0,0
1,0,26.24,0.1,0,0,1,0.09,1.84,0.06,0,0
1,0,0,0.1,0,0,1,0.02,2.21,0.06,0,0
1,0,0,0.1,0,0,1,0.01,0,0.06,0,0
1,0,6.21,0.1,0,0,1,0.08,3.1,0.09,0,0.43
1,0,0,0.1,0,0,1,0.01,0,0.06,0,0
1,0,0,0.1,0,0,1,0.01,0,0.06,0,0
1,0,4.16,0.1,0,0,1,0.07,2.39,0.06,0,0
1,0,0,0.1,0,0,1,0.02,2.48,0.06,0,0
1,0,0,0.1,0,0,1,0.03,1.86,0.07,0,0.01
1,0.01,10.29,0.1,0,0,1,0.16,2.78,0.06,0,0
1,0,0,0.1,0,0,1,0.03,1.8,0.07,0,0.03
1,0,0,0.1,0,0,1,0.01,0,0.06,0,0
1,0,0,0.1,0,0,1,0.02,0.18,0.06,0,0
1,0,30.29,0.1,0,0,1,0.1,2.9,0.06,0,0
1,0,0,0.1,0,0,1,0.04,2.85,0.06,0,0
1,0,0,0.1,0,0,1,0.01,0,0.06,0,0
1,0,0,0.1,0,0,1,0.02,1.53,0.06,0,0
1,0,0,0.1,0,0,1,0,0,0.06,0,0
1,0,0,0.1,0,0,1,0.01,0,0.06,0,0
1,0.01,5.59,0.1,0,0,1,0.18,1.62,0.06,0,0
1,0,0,0.1,0,0,1,0.02,0.06,0.06,0,0
0.99,0,15.75,0.1,0,0,1,0.12,2.56,0.06,0,0
1,0,0,0.1,0,0,1,0.02,3.29,0.06,0,0
1,0,10.26,0.1,0,0,1,0.08,2.41,0.06,0,0
1,0,0,0.1,0,0,1,0.01,0,0.06,0,0
1,0,0,0.1,0,0,1,0.01,0.01,0.06,0,0
1,0,0,0.1,0,0,1,0.03,2.78,0.06,0,0
1,0,0.97,0.1,0,0,1,0.06,2.51,0.06,0,0
1,0,0,0.1,0,0,1,0.03,3.11,0.06,0,0
1,0,0,0.1,0,0,1,0.03,2.29,0.06,0,0
1,0,0,0.1,0,0,1,0.02,2.8,0.07,0,0.01
1,0,29.46,0.1,0,0,1,0.14,2.59,0.06,0,0
1,0,3.89,0.1,0,0,1,0.06,2.56,0.06,0,0
1,0,1.07,0.1,0,0,1,0.06,1.69,0.06,0,0
1,0,5.18,0.1,0,0,1,0.09,2.08,0.1,0,0.41
1,0,0,0.1,0,0,1,0.01,0,0.06,0,0
1,0,0,0.1,0,0,1,0,0,0.06,0,0
0.99,0.01,6.61,0.1,0,0,1,0.19,2.84,0.06,0,0
1,0,0,0.1,0,0,1,0.03,2.45,0.06,0,0
1,0,8.56,0.1,0,0,1,0.15,2.7,0.06,0,0
1,0,0,0.1,0,0,1,0.03,2.19,0.07,0,0.01
1,0,0,0.1,0,0,1,0.04,2.59,0.06,0,0
1,0,0,0.1,0,0,1,0.05,1.83,0.06,0,0
1,0,0.68,0.1,0,0,1,0.06,1.76,0.06,0,0
0.99,0.01,0,0.1,0,0,1,0.22,2.05,0.11,0,0.42
1,0,0,0.1,0,0,1,0.01,0,0.06,0,0
1,0,0.71,0.1,0,0,1,0.05,2.26,0.06,0,0
1,0,0,0.1,0,0,1,0.02,2.37,0.06,0,0
1,0,0,0.1,0,0,1,0.04,3.16,0.06,0,0
1,0,0,0.1,0,0,1,0.02,0.01,0.06,0,0
1,0,5.72,0.1,0,0,1,0.14,2.58,0.1,0,0.48
1,0,0,0.1,0,0,1,0.01,0,0.06,0,0
1,0,0,0.1,0,0,1,0,0,0.06,0,0
1,0,1.14,0.1,0,0,1,0.06,2.95,0.06,0,0
1,0,0,0.1,0,0,1,0,0,0.06,0,0
1,0,15.53,0.1,0,0,1,0.1,2.87,0.06,0,0
1,0,1.18,0.1,0,0,1,0.06,1.67,0.06,0,0
1,0,0.09,0.1,0,0,1,0.04,1.86,0.06,0,0
1,0,0,0.1,0,0,1,0.03,1.81,0.06,0,0
1,0,3.27,0.1,0,0,1,0.06,2.3,0.06,0,0
1,0,1.84,0.1,0,0,1,0.06,2.92,0.06,0,0
1,0,0,0.1,0,0,1,0.01,0,0.06,0,0
0.99,0.01,90.92,0.1,0,0,1,0.18,2.1,0.06,0,0
1,0,0,0.1,0,0,1,0.02,1.21,0.06,0,0
1,0,0,0.1,0,0,1,0.03,2.09,0.06,0,0
1,0,4.2,0.1,0,0,1,0.06,2.67,0.06,0,0
1,0,0,0.1,0,0,1,0.02,1.05,0.06,0,0
1,0,0,0.1,0,0,1,0.02,1.74,0.06,0,0
1,0,0,0.1,0,0,1,0.03,1.95,0.07,0,0.02
1,0,4.84,0.1,0,0,1,0.14,2.22,0.1,0,0.45
1,0,0.89,0.1,0,0,1,0.06,2.55,0.08,0,0.24
1,0.01,96.96,0.1,0,0,1,0.17,2.41,0.06,0,0
1,0,0,0.1,0,0,1,0.03,2.59,0.06,0,0
0.99,0.01,64.43,0.1,0,0,1,0.13,3.2,0.12,0,1.2
1,0,0,0.1,0,0,1,0.03,1.87,0.06,0,0
1,0,0.22,0.1,0,0,1,0.05,2.33,0.06,0,0
1,0,0.18,0.1,0,0,1,0.05,1.88,0.07,0,0.08
1,0,0,0.1,0,0,1,0.01,0,0.06,0,0
1,0,0,0.1,0,0,1,0.04,3.09,0.07,0,0.03
1,0.01,1.15,0.1,0,0,1,0.16,1.92,0.11,0,0.45
1,0,12.87,0.1,0,0,1,0.09,3.1,0.06,0,0
1,0.01,5.73,0.1,0,0,1,0.2,2.35,0.06,0,0
0.99,0,2.8,0.1,0,0,1,0.05,2.13,0.11,0,1.18
0.97,0.01,0.76,0.1,0,0,1,0.24,2.59,0.06,0,0
1,0,26.52,0.1,0,0,1,0.08,2.45,0.06,0,0
1,0,0,0.1,0,0,1,0.02,2.91,0.06,0,0
1,0,2.46,0.1,0,0,1,0.06,1.7,0.08,0,0.2
1,0,0,0.1,0,0,1,0,0,0.06,0,0
1,0,8.82,0.1,0,0,1,0.07,2.78,0.06,0,0
1,0,0,0.1,0,0,1,0.03,1.96,0.06,0,0
1,0,0,0.1,0,0,1,0.02,2.21,0.06,0,0
1,0,1.58,0.1,0,0,1,0.07,2.15,0.08,0,0.27
1,0,0,0.1,0,0,1,0.02,0.01,0.06,0,0
1,0.01,0.19,0.1,0,0,1,0.21,2.08,0.12,0,0.52
1,0,0,0.1,0,0,1,0.01,0.02,0.06,0,0
1,0,9.4,0.1,0,0,1,0.1,1.96,0.06,0,0
1,0,0,0.1,0,0,1,0.04,3.17,0.07,0,0.02
1,0,0,0.1,0,0,1,0.04,1.89,0.07,0,0.03
1,0,0,0.1,0,0,1,0.01,0,0.06,0,0
0.99,0.01,0.59,0.1,0,0,1,0.25,1.69,0.06,0,0
1,0,0,0.1,0,0,1,0.01,0,0.06,0,0
1,0,0,0.1,0,0,1,0.01,0,0.06,0,0
1,0,0,0.1,0,0,1,0.01,0,0.06,0,0
1,0,28.27,0.1,0,0,1,0.13,2.58,0.06,0,0
1,0.01,4.64,0.1,0,0,1,0.2,1.95,0.06,0,0
0.99,0,11.8,0.1,0,0,1,0.12,2.39,0.06,0,0
1,0,0.1,0.1,0,0,1,0.04,2.3,0.06,0,0
0.99,0.01,0.36,0.1,0,0,1,0.25,1.93,0.06,0,0
1,0,0,0.1,0,0,1,0.02,0.01,0.06,0,0
1,0,0,0.1,0,0,1,0.01,0,0.06,0,0
1,0,0,0.1,0,0,1,0.01,0,0.06,0,0
1,0,24.38,0.1,0,0,1,0.09,3.12,0.06,0,0
1,0,7.66,0.1,0,0,1,0.08,2.66,0.06,0,0
1,0,0,0.1,0,0,1,0.03,2.21,0.06,0,0
1,0,0,0.1,0,0,1,0,0,0.06,0,0
1,0,18.7,0.1,0,0,1,0.09,2.64,0.06,0,0
0.99,0,2.22,0.1,0,0,1,0.18,2.27,0.06,0,0
1,0,2.31,0.1,0,0,1,0.07,1.67,0.08,0,0.23
1,0,0.07,0.1,0,0,1,0.05,1.73,0.06,0,0
1,0,18.63,0.1,0,0,1,0.1,2.6,0.06,0,0
1,0,7.46,0.1,0,0,1,0.12,2.6,0.1,0,0.52
0.99,0.01,0.24,0.1,0,0,1,0.23,2.78,0.06,0,0
1,0,0,0.1,0,0,1,0.01,0,0.06,0,0
1,0,0.27,0.1,0,0,1,0.05,2.89,0.06,0,0
0.99,0.01,13.5,0.1,0,0,1,0.17,2.33,0.06,0,0
1,0,9.9,0.1,0,0,1,0.11,3.15,0.1,0,0.49
1,0,0,0.1,0,0,1,0.02,0.64,0.06,0,0
0.99,0.01,74.61,0.1,0,0,1,0.15,2.09,0.06,0,0
1,0,5.46,0.1,0,0,1,0.08,2.6,0.08,0,0.28
1,0,0,0.1,0,0,1,0.01,0,0.06,0,0
0.99,0.01,0.12,0.1,0,0,1,0.24,2.65,0.06,0,0
1,0,0,0.1,0,0,1,0,0,0.06,0,0
1,0,0,0.1,0,0,1,0.02,1.68,0.06,0,0
0.98,0.01,0,0.1,0,0,1,0.24,2.16,0.12,0,0.49
1,0,0,0.1,0,0,1,0.01,0,0.06,0,0
1,0,4.39,0.1,0,0,1,0.08,2.4,0.09,0,0.32
1,0,0,0.1,0,0,1,0.01,0,0.06,0,0
1,0,6.88,0.1,0,0,1,0.09,2.81,0.09,0,0.39
0.99,0.01,0,0.1,0,0,1,0.22,2.51,0.11,0,0.49
1,0,0,0.1,0,0,1,0.01,0,0.06,0,0
1,0,5.08,0.1,0,0,1,0.08,2.7,0.09,0,0.3
1,0,0,0.1,0,0,1,0.04,2.85,0.07,0,0.04
1,0,0,0.1,0,0,1,0.01,0,0.06,0,0
1,0,0,0.1,0,0,1,0.04,2.26,0.06,0,0
1,0,17.12,0.1,0,0,1,0.08,2.68,0.06,0,0
1,0,0,0.1,0,0,1,0.03,2.88,0.06,0,0
1,0,0,0.1,0,0,1,0,0,0.06,0,0
1,0,0.14,0.1,0,0,1,0.04,3.08,0.06,0,0
1,0,12.59,0.1,0,0,1,0.09,1.8,0.06,0,0
1,0,0,0.1,0,0,1,0.03,2.47,0.07,0,0.01
1,0,0,0.1,0,0,1,0.01,0,0.06,0,0
1,0,0.34,0.1,0,0,1,0.05,2.31,0.06,0,0
1,0,0.96,0.1,0,0,1,0.06,2.04,0.06,0,0
1,0,0,0.1,0,0,1,0.01,0,0.06,0,0
1,0,0,0.1,0,0,1,0.03,2.27,0.07,0,0.01
0.99,0.01,2.92,0.1,0,0,1,0.19,2.14,0.06,0,0
1,0,6.95,0.1,0,0,1,0.16,2.2,0.06,0,0
1,0,39.38,0.1,0,0,1,0.1,2.68,0.06,0,0
1,0,0,0.1,0,0,1,0,0,0.06,0,0
1,0,0,0.1,0,0,1,0.01,0,0.06,0,0
1,0,0,0.1,0,0,1,0.02,2.61,0.06,0,0
1,0,6.78,0.1,0,0,1,0.1,2.31,0.09,0,0.4
1,0,0,0.1,0,0,1,0.02,2.72,0.06,0,0
0.99,0,28.14,0.1,0,0,1,0.11,2.92,0.06,0,0
0.99,0.01,140.05,0.1,0,0,1,0.21,3.22,0.06,0,0
1,0,0.31,0.1,0,0,1,0.05,3.27,0.06,0,0
1,0,0,0.1,0,0,1,0.02,0.15,0.06,0,0
1,0,0,0.1,0,0,1,0.04,2.35,0.06,0,0
0.99,0.01,119.07,0.1,0,0,1,0.21,2.82,0.06,0,0
0.99,0,34.79,0.1,0,0,1,0.12,3.15,0.06,0,0
1,0,0,0.1,0,0,1,0,0,0.06,0,0
1,0,0,0.1,0,0,1,0.05,1.61,0.07,0,0.06
1,0,0,0.1,0,0,1,0.03,2.54,0.07,0,0.01
0.99,0,4.71,0.1,0,0,1,0.14,2.02,0.1,0,0.42
1,0,0,0.1,0,0,1,0.01,0.54,0.06,0,0
1,0,0,0.1,0,0,1,0.05,1.81,0.06,0,0
1,0,3.06,0.1,0,0,1,0.06,2.2,0.06,0,0
1,0,4.57,0.1,0,0,1,0.08,1.69,0.09,0,0.29
1,0,0,0.1,0,0,1,0.03,3.26,0.06,0,0
1,0,0,0.1,0,0,1,0.02,2.75,0.07,0,0.01
1,0,0,0.1,0,0,1,0.01,0.01,0.06,0,0
1,0.01,3.56,0.1,0,0,1,0.21,2.2,0.06,0,0
1,0,0,0.1,0,0,1,0,0,0.06,0,0
1,0,40.25,0.1,0,0,1,0.11,2.24,0.06,0,0
1,0,0,0.1,0,0,1,0.01,0,0.06,0,0
1,0.01,5.04,0.1,0,0,1,0.19,1.96,0.06,0,0
1,0,0,0.1,0,0,1,0.04,1.7,0.06,0,0
1,0,2.07,0.1,0,0,1,0.06,2.54,0.06,0,0
1,0,0,0.1,0,0,1,0.02,2.29,0.06,0,0
1,0,0.51,0.1,0,0,1,0.06,2.18,0.06,0,0
1,0,0,0.1,0,0,1,0.02,1.7,0.06,0,0
1,0,23.5,0.1,0,0,1,0.1,2.6,0.06,0,0
1,0,5.7,0.1,0,0,1,0.11,2.34,0.1,0,0.46
1,0,0,0.1,0,0,1,0.02,2.65,0.06,0,0
1,0,0.09,0.1,0,0,1,0.05,2.03,0.06,0,0
1,0,30.23,0.1,0,0,1,0.09,2.24,0.11,0,1.04
1,0,4.91,0.1,0,0,1,0.1,1.92,0.09,0,0.36
1,0,0,0.1,0,0,1,0.02,2.71,0.06,0,0
1,0,0,0.1,0,0,1,0.01,0,0.06,0,0
1,0,0,0.1,0,0,1,0.04,1.61,0.06,0,0
1,0,0,0.1,0,0,1,0.02,0.39,0.06,0,0
1,0,0,0.1,0,0,1,0.01,0,0.06,0,0
1,0,0,0.1,0,0,1,0.03,2.44,0.06,0,0
1,0,19.55,0.1,0,0,1,0.12,1.89,0.06,0,0
1,0,19.01,0.1,0,0,1,0.1,2.55,0.06,0,0
1,0,0,0.1,0,0,1,0,0,0.06,0,0
1,0,0,0.1,0,0,1,0.02,0.91,0.06,0,0
1,0,50.41,0.1,0,0,1,0.12,2.06,0.06,0,0
0.99,0,10.57,0.1,0,0,1,0.1,3,0.1,0,0.46
1,0,17.98,0.1,0,0,1,0.16,1.98,0.06,0,0
1,0,0,0.1,0,0,1,0,0,0.06,0,0
1,0,0,0.1,0,0,1,0.01,0,0.06,0,0
1,0,11.88,0.1,0,0,1,0.08,2.12,0.06,0,0
1,0,0,0.1,0,0,1,0.03,2.36,0.06,0,0
1,0,0,0.1,0,0,1,0.02,3.04,0.06,0,0
1,0,0,0.1,0,0,1,0.04,2.24,0.06,0,0
1,0,0,0.1,0,0,1,0.01,0,0.06,0,0
1,0,0.09,0.1,0,0,1,0.05,1.96,0.09,0,0.65
1,0,0,0.1,0,0,1,0.03,3.35,0.06,0,0
1,0,0,0.1,0,0,1,0.04,1.58,0.06,0,0
1,0,5.7,0.1,0,0,1,0.13,1.93,0.09,0,0.37
1,0,0,0.1,0,0,1,0.01,0.02,0.06,0,0
1,0.01,0,0.1,0,0,1,0.23,2.01,0.11,0,0.44
1,0,0,0.1,0,0,1,0,0,0.06,0,0
1,0,0.13,0.1,0,0,1,0.04,2.75,0.06,0,0
1,0,0,0.1,0,0,1,0.05,2.16,0.06,0,0
1,0,18.4,0.1,0,0,1,0.14,1.76,0.06,0,0
1,0,0,0.1,0,0,1,0.04,2.72,0.07,0,0.02
1,0,0.38,0.1,0,0,1,0.05,2.63,0.06,0,0
1,0,0,0.1,0,0,1,0.03,1.78,0.07,0,0.01
1,0,0,0.1,0,0,1,0.02,2.05,0.06,0,0
1,0,0,0.1,0,0,1,0.03,1.76,0.06,0,0
1,0,0,0.1,0,0,1,0.04,2.74,0.06,0,0
1,0,0,0.1,0,0,1,0.02,2.22,0.06,0,0
1,0,0,0.1,0,0,1,0,0,0.06,0,0
1,0,0,0.1,0,0,1,0,0,0.06,0,0
1,0,0,0.1,0,0,1,0.01,0,0.06,0,0
1,0,0,0.1,0,0,1,0.03,3.02,0.07,0,0.01
1,0,0,0.1,0,0,1,0.02,1.45,0.06,0,0
1,0,0,0.1,0,0,1,0.04,2.84,0.06,0,0
1,0,0,0.1,0,0,1,0.05,1.52,0.07,0,0.06
1,0,0,0.1,0,0,1,0,0,0.06,0,0
1,0,0,0.1,0,0,1,0.01,0,0.06,0,0
1,0,9.77,0.1,0,0,1,0.07,2.3,0.1,0,0.63
0.99,0.01,0.09,0.1,0,0,1,0.21,1.8,0.1,0,0.41
1,0,18.93,0.1,0,0,1,0.1,2.69,0.06,0,0
1,0,0.26,0.1,0,0,1,0.05,2.71,0.06,0,0
1,0,14.79,0.1,0,0,1,0.12,2.37,0.06,0,0
1,0,0,0.1,0,0,1,0.02,2.24,0.07,0,0.01
1,0.01,2.18,0.1,0,0,1,0.15,2.35,0.11,0,0.52
1,0,0,0.1,0,0,1,0.01,0,0.06,0,0
1,0,0,0.1,0,0,1,0.02,1.78,0.06,0,0
1,0,0,0.1,0,0,1,0.01,0,0.06,0,0
1,0,8.27,0.1,0,0,1,0.08,2.07,0.06,0,0
0.99,0.01,11.92,0.1,0,0,1,0.18,2.39,0.06,0,0
1,0,0,0.1,0,0,1,0.01,0,0.06,0,0
0.99,0.01,6.6,0.1,0,0,1,0.18,1.66,0.06,0,0
1,0,0,0.1,0,0,1,0,0,0.06,0,0
1,0,0,0.1,0,0,1,0,0,0.06,0,0
1,0,5.65,0.1,0,0,1,0.1,2.13,0.09,0,0.32
1,0,0,0.1,0,0,1,0.03,2.66,0.07,0,0.01
1,0,0,0.1,0,0,1,0.01,0,0.06,0,0
1,0,0,0.1,0,0,1,0.01,0,0.06,0,0
1,0,0,0.1,0,0,1,0.01,0.01,0.06,0,0
1,0,0,0.1,0,0,1,0.01,0,0.06,0,0
1,0,0,0.1,0,0,1,0.01,0,0.06,0,0
1,0,0,0.1,0,0,1,0.03,2.55,0.06,0,0
0.99,0.01,10.48,0.1,0,0,1,0.14,3.77,0.11,0,0.56
1,0,0,0.1,0,0,1,0.03,2.77,0.06,0,0
1,0,9.96,0.1,0,0,1,0.08,2.71,0.06,0,0
1,0,0,0.1,0,0,1,0.01,0,0.06,0,0
1,0,0,0.1,0,0,1,0.02,0.02,0.06,0,0
1,0.01,2.19,0.1,0,0,1,0.15,1.87,0.1,0,0.43
0.99,0.01,1.74,0.1,0,0,1,0.21,1.95,0.06,0,0
1,0,36.43,0.1,0,0,1,0.11,3.16,0.06,0,0
1,0.01,0,0.1,0,0,1,0.23,2.03,0.1,0,0.39
1,0,42.1,0.1,0,0,1,0.1,2.3,0.1,0,0.86
1,0,5.36,0.1,0,0,1,0.07,2.24,0.06,0,0
1,0,1.17,0.1,0,0,1,0.06,3.03,0.06,0,0
1,0,0,0.1,0,0,1,0.01,0,0.06,0,0
1,0,0,0.1,0,0,1,0,0,0.06,0,0
1,0,0,0.1,0,0,1,0.03,2.35,0.06,0,0
1,0,2.08,0.1,0,0,1,0.07,2.03,0.08,0,0.23
1,0,0,0.1,0,0,1,0.02,2.4,0.06,0,0
1,0,0.12,0.1,0,0,1,0.04,2.45,0.06,0,0
0.99,0.01,0.51,0.1,0,0,1,0.2,1.68,0.06,0,0
1,0,0,0.1,0,0,1,0.01,0,0.06,0,0
1,0,23.02,0.1,0,0,1,0.11,2.09,0.1,0,0.44
1,0,0,0.1,0,0,1,0.02,0.57,0.06,0,0
1,0.01,15.32,0.1,0,0,1,0.17,2.37,0.06,0,0
1,0,0,0.1,0,0,1,0.01,0,0.06,0,0
1,0,1.35,0.1,0,0,1,0.06,2.37,0.06,0,0
1,0.01,8.77,0.1,0,0,1,0.19,1.69,0.06,0,0
1,0,0.18,0.1,0,0,1,0.05,1.81,0.07,0,0.08
1,0,0,0.1,0,0,1,0.04,2.2,0.06,0,0
1,0,1.93,0.1,0,0,1,0.06,1.81,0.06,0,0
1,0,11.04,0.1,0,0,1,0.08,1.66,0.06,0,0
1,0,0,0.1,0,0,1,0.01,0.01,0.06,0,0
1,0,0,0.1,0,0,1,0,0,0.06,0,0
1,0,0,0.1,0,0,1,0.01,0.01,0.06,0,0
1,0,0.38,0.1,0,0,1,0.05,1.95,0.06,0,0
1,0,0.23,0.1,0,0,1,0.05,2.62,0.06,0,0
1,0,0,0.1,0,0,1,0.03,1.76,0.06,0,0
1,0,0,0.1,0,0,1,0,0,0.06,0,0
1,0,0.89,0.1,0,0,1,0.06,2.45,0.06,0,0
0.99,0.01,9.17,0.1,0,0,1,0.18,2.19,0.06,0,0
1,0,0,0.1,0,0,1,0.02,2.02,0.06,0,0
1,0,0,0.1,0,0,1,0.04,2.6,0.06,0,0
1,0,0,0.1,0,0,1,0.03,2.54,0.06,0,0
1,0,0,0.1,0,0,1,0,0,0.06,0,0
1,0,0,0.1,0,0,1,0.03,3.17,0.06,0,0
0.99,0.01,111.66,0.1,0,0,1,0.23,2.47,0.06,0,0
1,0,0,0.1,0,0,1,0.01,0,0.06,0,0
0.99,0.01,1.71,0.1,0,0,1,0.17,1.92,0.1,0,0.43
1,0,0,0.1,0,0,1,0.01,0,0.06,0,0
1,0,0,0.1,0,0,1,0.02,1.88,0.06,0,0
0.99,0.01,0.22,0.1,0,0,1,0.21,2.37,0.11,0,0.47
1,0,0,0.1,0,0,1,0.01,0,0.06,0,0
1,0.01,19.28,0.1,0,0,1,0.15,1.92,0.06,0,0
1,0,0,0.1,0,0,1,0.03,2.52,0.06,0,0
1,0,0,0.1,0,0,1,0.01,0,0.06,0,0
1,0,0,0.1,0,0,1,0.03,2.73,0.06,0,0
1,0.01,47.71,0.1,0,0,1,0.13,1.62,0.06,0,0
1,0.01,95.89,0.1,0,0,1,0.19,2.08,0.06,0,0
1,0,0.11,0.1,0,0,1,0.06,2.27,0.06,0,0
1,0,0,0.1,0,0,1,0.04,2.18,0.07,0,0.04
1,0,4.98,0.1,0,0,1,0.08,2.22,0.09,0,0.33
0.99,0,12.32,0.1,0,0,1,0.12,2.46,0.06,0,0
1,0.01,3.21,0.1,0,0,1,0.19,2.42,0.06,0,0
1,0,0,0.1,0,0,1,0.01,0,0.06,0,0
1,0,0,0.1,0,0,1,0.01,0,0.06,0,0
1,0,0,0.1,0,0,1,0.01,0,0.06,0,0
1,0,4.74,0.1,0,0,1,0.07,1.91,0.06,0,0
1,0.01,0,0.1,0,0,1,0.21,2.95,0.11,0,0.5
1,0,0,0.1,0,0,1,0.01,0,0.06,0,0
1,0,0.14,0.1,0,0,1,0.05,3.17,0.06,0,0
1,0,0,0.1,0,0,1,0.02,1.58,0.06,0,0
1,0,0,0.1,0,0,1,0.02,0.01,0.06,0,0
1,0,24.94,0.1,0,0,1,0.12,2.16,0.06,0,0
1,0,0,0.1,0,0,1,0.01,0,0.06,0,0
0.99,0.01,70.45,0.1,0,0,1,0.22,1.62,0.06,0,0
1,0,0,0.1,0,0,1,0.01,0,0.06,0,0
0.99,0.01,0,0.1,0,0,1,0.23,3.32,0.11,0,0.51
1,0,46.44,0.1,0,0,1,0.1,2.73,0.11,0,1.06
1,0,0,0.1,0,0,1,0.04,1.75,0.07,0,0.02
1,0,0,0.1,0,0,1,0.01,0,0.06,0,0
0.99,0.01,81.54,0.1,0,0,1,0.19,1.83,0.06,0,0
1,0,0,0.1,0,0,1,0.02,1.83,0.06,0,0
1,0,0,0.1,0,0,1,0.03,1.76,0.06,0,0
1,0,0,0.1,0,0,1,0.01,0,0.06,0,0
1,0,0,0.1,0,0,1,0.03,2.37,0.06,0,0.01
1,0,0.11,0.1,0,0,1,0.05,2.27,0.07,0,0.11
1,0,16.19,0.1,0,0,1,0.1,2.89,0.06,0,0
1,0,5.09,0.1,0,0,1,0.13,2.03,0.1,0,0.43
1,0,0,0.1,0,0,1,0,0,0.06,0,0
1,0,5.41,0.1,0,0,1,0.14,2.17,0.1,0,0.44
1,0,0,0.1,0,0,1,0.01,0.01,0.06,0,0
1,0,0.62,0.1,0,0,1,0.05,3.52,0.06,0,0
1,0,0,0.1,0,0,1,0.02,2.42,0.06,0,0
1,0,0,0.1,0,0,1,0.01,0,0.06,0,0
1,0,0,0.1,0,0,1,0.01,0,0.06,0,0
1,0,0,0.1,0,0,1,0.03,2.16,0.06,0,0
0.99,0.01,0,0.1,0,0,1,0.22,3.26,0.11,0,0.5
1,0,0,0.1,0,0,1,0.02,1.78,0.06,0,0
1,0,0,0.1,0,0,1,0.04,2.53,0.06,0,0
1,0,0,0.1,0,0,1,0.01,0,0.06,0,0
1,0,0,0.1,0,0,1,0.02,1.82,0.06,0,0
0.99,0,10.68,0.1,0,0,1,0.16,2.32,0.06,0,0
1,0,0,0.1,0,0,1,0.01,0.01,0.06,0,0
1,0,0.86,0.1,0,0,1,0.06,1.98,0.08,0,0.2
1,0,2.28,0.1,0,0,1,0.06,2.17,0.06,0,0
1,0,1.34,0.1,0,0,1,0.06,2.97,0.08,0,0.22
1,0,0,0.1,0,0,1,0.02,0.05,0.06,0,0
1,0,0,0.1,0,0,1,0,0,0.06,0,0
0.99,0.01,57.05,0.1,0,0,1,0.12,3.26,0.12,0,1.26
0.99,0.01,98.47,0.1,0,0,1,0.19,2.01,0.06,0,0
1,0,3.39,0.1,0,0,1,0.06,3.16,0.06,0,0
0.99,0.01,0,0.1,0,0,1,0.24,2.72,0.11,0,0.42
1,0,0,0.1,0,0,1,0.01,0,0.06,0,0
1,0,4.59,0.1,0,0,1,0.14,2.46,0.1,0,0.49
1,0,0,0.1,0,0,1,0.04,2.45,0.07,0,0.07
0.99,0.01,138.14,0.1,0,0,1,0.19,3.31,0.06,0,0
1,0,0,0.1,0,0,1,0.01,0,0.06,0,0
1,0,0,0.1,0,0,1,0.01,0,0.06,0,0
1,0,11.88,0.1,0,0,1,0.1,2.35,0.06,0,0
1,0,0,0.1,0,0,1,0.01,0,0.06,0,0
0.99,0.01,4.24,0.1,0,0,1,0.21,3.15,0.06,0,0
1,0,0,0.1,0,0,1,0.01,0,0.06,0,0
1,0,4.25,0.1,0,0,1,0.14,2.32,0.11,0,0.5
1,0,0,0.1,0,0,1,0.05,2.47,0.06,0,0
1,0,0.07,0.1,0,0,1,0.05,1.52,0.07,0,0.09
1,0,0.46,0.1,0,0,1,0.05,3.12,0.06,0,0
1,0,0,0.1,0,0,1,0.01,0,0.06,0,0
1,0,0,0.1,0,0,1,0,0,0.06,0,0
1,0,15.24,0.1,0,0,1,0.1,2.53,0.06,0,0
1,0,0,0.1,0,0,1,0.01,0,0.06,0,0
1,0,13.35,0.1,0,0,1,0.14,2.92,0.06,0,0
1,0,0,0.1,0,0,1,0.02,1.83,0.06,0,0
1,0,0,0.1,0,0,1,0.03,1.97,0.06,0,0
1,0,0.15,0.1,0,0,1,0.05,3.23,0.07,0,0.12
1,0,0,0.1,0,0,1,0.02,1.39,0.06,0,0
1,0,18.74,0.1,0,0,1,0.1,1.98,0.06,0,0
1,0,0,0.1,0,0,1,0,0,0.06,0,0
1,0,0,0.1,0,0,1,0,0,0.06,0,0
1,0,8.59,0.1,0,0,1,0.09,1.56,0.09,0,0.3
1,0,4.47,0.1,0,0,1,0.07,2.04,0.06,0,0
1,0,0,0.1,0,0,1,0.01,0,0.06,0,0
1,0,0,0.1,0,0,1,0.01,0,0.06,0,0
1,0,0,0.1,0,0,1,0.01,0,0.06,0,0
1,0,0,0.1,0,0,1,0.04,2.78,0.07,0,0.07
1,0,0,0.1,0,0,1,0.03,2.28,0.07,0,0.02
1,0,7.58,0.1,0,0,1,0.07,2.26,0.06,0,0
1,0,0,0.1,0,0,1,0.02,2.37,0.06,0,0
1,0,0,0.1,0,0,1,0.01,0,0.06,0,0
1,0,0,0.1,0,0,1,0.04,2.7,0.06,0,0
1,0,0,0.1,0,0,1,0.03,2.42,0.06,0,0
1,0,0,0.1,0,0,1,0.02,2.52,0.06,0,0
1,0,101.79,0.1,0,0,1,0.13,3.17,0.06,0,0
1,0,2.89,0.1,0,0,1,0.07,2.37,0.09,0,0.31
1,0,0,0.1,0,0,1,0,0,0.06,0,0
1,0,42.33,0.1,0,0,1,0.12,1.59,0.06,0,0
1,0,0,0.1,0,0,1,0.02,1.81,0.06,0,0
1,0,0,0.1,0,0,1,0.04,2.77,0.06,0,0
1,0.01,10.63,0.1,0,0,1,0.15,2.46,0.06,0,0
1,0,1.67,0.1,0,0,1,0.16,1.93,0.1,0,0.39
1,0,0,0.1,0,0,1,0.03,3.21,0.06,0,0
1,0.01,0.95,0.1,0,0,1,0.19,2.33,0.11,0,0.47
1,0,0,0.1,0,0,1,0.01,0,0.06,0,0
1,0,4.13,0.1,0,0,1,0.07,3.36,0.09,0,0.35
1,0,0,0.1,0,0,1,0.02,2.85,0.07,0,0.01
0.99,0.01,0.12,0.1,0,0,1,0.25,2.62,0.06,0,0
1,0,25.56,0.1,0,0,1,0.15,2.65,0.06,0,0
1,0,8.57,0.1,0,0,1,0.09,2.11,0.06,0,0
1,0,0,0.1,0,0,1,0.01,0,0.06,0,0
0.99,0.01,2.74,0.1,0,0,1,0.21,2.39,0.06,0,0
1,0,2.75,0.1,0,0,1,0.06,2.57,0.09,0,0.3
1,0,0,0.1,0,0,1,0.01,0,0.06,0,0
1,0,2.24,0.1,0,0,1,0.07,1.65,0.08,0,0.22
1,0,0,0.1,0,0,1,0.01,0,0.06,0,0
1,0,17.28,0.1,0,0,1,0.11,2.82,0.06,0,0
1,0,0,0.1,0,0,1,0.01,0,0.06,0,0
1,0,0,0.1,0,0,1,0.03,1.58,0.06,0,0.01
1,0,0,0.1,0,0,1,0.04,2.51,0.06,0,0
1,0,28.57,0.1,0,0,1,0.12,2.28,0.06,0,0
1,0,0,0.1,0,0,1,0.02,0.65,0.06,0,0
1,0,0,0.1,0,0,1,0.03,2.61,0.06,0,0
1,0,0.89,0.1,0,0,1,0.05,2.03,0.06,0,0
1,0,0,0.1,0,0,1,0,0,0.06,0,0
1,0,21.78,0.1,0,0,1,0.15,2.27,0.06,0,0
0.99,0,8.21,0.1,0,0,1,0.1,3.02,0.1,0,0.49
1,0,39.12,0.1,0,0,1,0.09,2.76,0.06,0,0
1,0,13.39,0.1,0,0,1,0.13,2.41,0.06,0,0
1,0,0,0.1,0,0,1,0.04,1.79,0.06,0,0
1,0,0,0.1,0,0,1,0,0,0.06,0,0
1,0,5.55,0.1,0,0,1,0.06,1.97,0.06,0,0
1,0,0,0.1,0,0,1,0.02,1.94,0.06,0,0
1,0,0,0.1,0,0,1,0.01,0,0.06,0,0
1,0,0,0.1,0,0,1,0.01,0,0.06,0,0
1,0,24.42,0.1,0,0,1,0.13,2.35,0.06,0,0
0.98,0.01,0,0.1,0,0,1,0.23,2.31,0.06,0,0
1,0,0.37,0.1,0,0,1,0.05,2.74,0.06,0,0
1,0,1.79,0.1,0,0,1,0.16,2.03,0.11,0,0.49
1,0,1.21,0.1,0,0,1,0.06,2.28,0.08,0,0.19
1,0,1.49,0.1,0,0,1,0.06,2.5,0.08,0,0.22
1,0,0,0.1,0,0,1,0.02,0.03,0.06,0,0
1,0,0,0.1,0,0,1,0.01,0,0.06,0,0
1,0,0,0.1,0,0,1,0,0,0.06,0,0
1,0,0,0.1,0,0,1,0.01,0,0.06,0,0
1,0,0,0.1,0,0,1,0.01,0,0.06,0,0
1,0,5.27,0.1,0,0,1,0.07,2.43,0.09,0,0.31
1,0,0.56,0.1,0,0,1,0.06,2.04,0.08,0,0.17
1,0,2.96,0.1,0,0,1,0.07,3,0.06,0,0
1,0,0,0.1,0,0,1,0.03,2.65,0.06,0,0
1,0,0,0.1,0,0,1,0.01,0,0.06,0,0
1,0,3.1,0.1,0,0,1,0.07,1.9,0.06,0,0
1,0,16.18,0.1,0,0,1,0.08,2.67,0.06,0,0
1,0,0,0.1,0,0,1,0.01,0,0.06,0,0
1,0,4.46,0.1,0,0,1,0.14,1.94,0.11,0,0.47
1,0,0,0.1,0,0,1,0.01,0,0.06,0,0
1,0,1.63,0.1,0,0,1,0.06,2.33,0.08,0,0.2
1,0,0,0.1,0,0,1,0.03,2.2,0.07,0,0.01
1,0,0,0.1,0,0,1,0.02,2.07,0.06,0,0
1,0,9.11,0.1,0,0,1,0.14,1.51,0.06,0,0
1,0,2.94,0.1,0,0,1,0.06,2.25,0.06,0,0
1,0,0,0.1,0,0,1,0.02,1.97,0.06,0,0
1,0,0,0.1,0,0,1,0.02,0.03,0.06,0,0
1,0,0,0.1,0,0,1,0.01,0,0.06,0,0
1,0,0,0.1,0,0,1,0,0,0.06,0,0
1,0,0,0.1,0,0,1,0.01,0,0.06,0,0
1,0,0,0.1,0,0,1,0.03,2.97,0.06,0,0
1,0,0,0.1,0,0,1,0.03,3.11,0.06,0,0
1,0,0,0.1,0,0,1,0.01,0,0.06,0,0
1,0,0,0.1,0,0,1,0.02,2.56,0.06,0,0
1,0,0,0.1,0,0,1,0.02,1.87,0.06,0,0
1,0,9.86,0.1,0,0,1,0.08,2.28,0.09,0,0.45
1,0,6.04,0.1,0,0,1,0.13,2.25,0.11,0,0.49
1,0,8.17,0.1,0,0,1,0.08,2.61,0.09,0,0.35
1,0,4.6,0.1,0,0,1,0.07,2.26,0.06,0,0
1,0,2.17,0.1,0,0,1,0.06,1.97,0.06,0,0
1,0,0,0.1,0,0,1,0.01,0,0.06,0,0
1,0.01,16.06,0.1,0,0,1,0.17,2.43,0.06,0,0
1,0,0,0.1,0,0,1,0,0,0.06,0,0
0.99,0.01,1.04,0.1,0,0,1,0.21,2.1,0.06,0,0
1,0,0,0.1,0,0,1,0,0,0.06,0,0
1,0,0,0.1,0,0,1,0.03,3.92,0.07,0,0.02
1,0,0,0.1,0,0,1,0.03,2.36,0.06,0,0
1,0,0,0.1,0,0,1,0.01,0,0.06,0,0
1,0,0,0.1,0,0,1,0.01,0,0.06,0,0
1,0,0,0.1,0,0,1,0.01,0,0.06,0,0
1,0,0,0.1,0,0,1,0.01,0,0.06,0,0
1,0,3.55,0.1,0,0,1,0.06,3.57,0.08,0,0.27
1,0,13.07,0.1,0,0,1,0.09,2.69,0.06,0,0
1,0,0,0.1,0,0,1,0.01,0,0.06,0,0
1,0,0.57,0.1,0,0,1,0.05,2.3,0.06,0,0
1,0,0,0.1,0,0,1,0.01,0,0.06,0,0
1,0,0,0.1,0,0,1,0.01,0,0.06,0,0
1,0,0.3,0.1,0,0,1,0.05,2.28,0.06,0,0
1,0,9.71,0.1,0,0,1,0.11,1.48,0.06,0,0
1,0,0,0.1,0,0,1,0.03,1.72,0.06,0,0
1,0,56.23,0.1,0,0,1,0.1,2.88,0.06,0,0
1,0,0,0.1,0,0,1,0.01,0,0.06,0,0
1,0,0,0.1,0,0,1,0.01,0,0.06,0,0
1,0,0,0.1,0,0,1,0.03,1.95,0.06,0,0
1,0,75.55,0.1,0,0,1,0.14,2.14,0.06,0,0
1,0.01,4.87,0.1,0,0,1,0.16,1.71,0.06,0,0
1,0,0,0.1,0,0,1,0.02,1.8,0.06,0,0
1,0,1.54,0.1,0,0,1,0.06,2.44,0.06,0,0
1,0,0,0.1,0,0,1,0.02,0.11,0.06,0,0
1,0,0,0.1,0,0,1,0,0,0.06,0,0
1,0,0.42,0.1,0,0,1,0.05,1.7,0.06,0,0
1,0,0,0.1,0,0,1,0.04,2.53,0.06,0,0
1,0,0,0.1,0,0,1,0.02,0.12,0.06,0,0
1,0,0,0.1,0,0,1,0.04,3.14,0.06,0,0
1,0,0,0.1,0,0,1,0.02,0.08,0.06,0,0
1,0,12.77,0.1,0,0,1,0.09,3.29,0.06,0,0
0.99,0.01,0,0.1,0,0,1,0.24,2.12,0.11,0,0.46
0.99,0.01,0.53,0.1,0,0,1,0.24,1.85,0.06,0,0
1,0,0,0.1,0,0,1,0.01,0,0.06,0,0
1,0,0,0.1,0,0,1,0.01,0,0.06,0,0
1,0,0,0.1,0,0,1,0.01,0.03,0.06,0,0
1,0.01,0.25,0.1,0,0,1,0.21,1.9,0.06,0,0
1,0,11.7,0.1,0,0,1,0.09,2.65,0.06,0,0
1,0,29.45,0.1,0,0,1,0.08,2.78,0.06,0,0
1,0,33.19,0.1,0,0,1,0.12,2.86,0.06,0,0
0.99,0.01,1.07,0.1,0,0,1,0.17,2.02,0.11,0,0.51
1,0,0,0.1,0,0,1,0.04,1.75,0.06,0,0
1,0,0,0.1,0,0,1,0.02,2.01,0.06,0,0
1,0,0,0.1,0,0,1,0.03,2.02,0.06,0,0
1,0,0,0.1,0,0,1,0.01,0.01,0.06,0,0
1,0,9.62,0.1,0,0,1,0.1,1.92,0.06,0,0
1,0,0,0.1,0,0,1,0.04,2.01,0.07,0,0.05
1,0,4.43,0.1,0,0,1,0.14,2.29,0.11,0,0.51
1,0,13.46,0.1,0,0,1,0.08,2.31,0.06,0,0
1,0,0,0.1,0,0,1,0.02,2.73,0.06,0,0
1,0,0,0.1,0,0,1,0.01,0,0.06,0,0
1,0.01,0.1,0.1,0,0,1,0.2,2.36,0.12,0,0.56
1,0.01,0.12,0.1,0,0,1,0.2,2.68,0.12,0,0.56
1,0,0,0.1,0,0,1,0.02,1.72,0.06,0,0
1,0,0,0.1,0,0,1,0.02,1.87,0.06,0,0
1,0,0,0.1,0,0,1,0.04,2.29,0.06,0,0
0.98,0.01,0,0.1,0,0,1,0.23,3.08,0.11,0,0.49
1,0,71.44,0.1,0,0,1,0.14,2.17,0.06,0,0
1,0,0,0.1,0,0,1,0.01,0,0.06,0,0
1,0,5.57,0.1,0,0,1,0.07,2.07,0.06,0,0
1,0,0,0.1,0,0,1,0.01,0.04,0.06,0,0
1,0,11.94,0.1,0,0,1,0.14,2.31,0.06,0,0
1,0.01,0.13,0.1,0,0,1,0.19,2.81,0.11,0,0.49
1,0,2.4,0.1,0,0,1,0.06,2.42,0.06,0,0
1,0,0,0.1,0,0,1,0,0,0.06,0,0
1,0,15.39,0.1,0,0,1,0.14,2.49,0.06,0,0
1,0,0,0.1,0,0,1,0.04,2.27,0.06,0,0
1,0,0,0.1,0,0,1,0.01,0,0.06,0,0
0.99,0.01,0.22,0.1,0,0,1,0.21,2.24,0.06,0,0
1,0.01,1.11,0.1,0,0,1,0.17,2.55,0.1,0,0.46
1,0,6.38,0.1,0,0,1,0.08,1.57,0.06,0,0
0.99,0,11.33,0.1,0,0,1,0.15,2.26,0.06,0,0
1,0,11.78,0.1,0,0,1,0.07,1.84,0.06,0,0
1,0,2.38,0.1,0,0,1,0.06,2.15,0.06,0,0
1,0,0,0.1,0,0,1,0.01,0,0.06,0,0
1,0,0,0.1,0,0,1,0.05,2.46,0.06,0,0
1,0,0.08,0.1,0,0,1,0.05,1.67,0.06,0,0
1,0,0.09,0.1,0,0,1,0.05,2.07,0.07,0,0.13
1,0.01,7.55,0.1,0,0,1,0.14,2.18,0.11,0,0.49
1,0,2.03,0.1,0,0,1,0.06,3.28,0.06,0,0
1,0,0,0.1,0,0,1,0.03,3.44,0.06,0,0
1,0.01,1.6,0.1,0,0,1,0.23,2.08,0.06,0,0
1,0,6.15,0.1,0,0,1,0.08,3.34,0.09,0,0.38
1,0,14.17,0.1,0,0,1,0.1,2.1,0.06,0,0
1,0,29.84,0.1,0,0,1,0.11,2.57,0.06,0,0
1,0.01,0,0.1,0,0,1,0.24,1.75,0.11,0,0.39
1,0.01,1.3,0.1,0,0,1,0.2,2.11,0.06,0,0
1,0,0.17,0.1,0,0,1,0.05,1.94,0.06,0,0
0.99,0.01,0,0.1,0,0,1,0.24,2.48,0.06,0,0
1,0,0,0.1,0,0,1,0.01,0,0.06,0,0
1,0,26.54,0.1,0,0,1,0.15,3.24,0.06,0,0
1,0,0,0.1,0,0,1,0.04,1.84,0.06,0,0
1,0,11.91,0.1,0,0,1,0.08,3.04,0.06,0,0
0.99,0.01,1.1,0.1,0,0,1,0.23,2.05,0.06,0,0
1,0,0,0.1,0,0,1,0.04,1.77,0.07,0,0.05
1,0,0.45,0.1,0,0,1,0.06,2.54,0.06,0,0
1,0,0,0.1,0,0,1,0.02,0.07,0.06,0,0
1,0,0,0.1,0,0,1,0.03,3.02,0.06,0,0
1,0,0,0.1,0,0,1,0.02,1.87,0.06,0,0
1,0,0,0.1,0,0,1,0.04,1.54,0.06,0,0
1,0,0,0.1,0,0,1,0.04,2.46,0.07,0,0.06
1,0,0,0.1,0,0,1,0.02,2.17,0.06,0,0
1,0,0,0.1,0,0,1,0.04,2.52,0.06,0,0
1,0,0,0.1,0,0,1,0.01,0,0.06,0,0
0.99,0.01,4.13,0.1,0,0,1,0.18,1.91,0.06,0,0
1,0,0,0.1,0,0,1,0.04,2.19,0.07,0,0.05
1,0,0,0.1,0,0,1,0.04,1.95,0.07,0,0.05
1,0,0,0.1,0,0,1,0.03,2.32,0.06,0,0
1,0,0,0.1,0,0,1,0.01,0,0.06,0,0
1,0,0,0.1,0,0,1,0.02,0.93,0.06,0,0
1,0,0,0.1,0,0,1,0.02,0.18,0.06,0,0
1,0,0,0.1,0,0,1,0.02,0.45,0.06,0,0
1,0,18.9,0.1,0,0,1,0.16,2.11,0.06,0,0
1,0,0,0.1,0,0,1,0.03,2.17,0.06,0,0
1,0,0,0.1,0,0,1,0.01,0,0.06,0,0
1,0,0.08,0.1,0,0,1,0.04,1.53,0.06,0,0
1,0,0,0.1,0,0,1,0.03,2.55,0.06,0,0
1,0,11.76,0.1,0,0,1,0.1,2.83,0.06,0,0
1,0,80.62,0.1,0,0,1,0.15,2.5,0.06,0,0
1,0,0,0.1,0,0,1,0.02,2.05,0.07,0,0.01
1,0,5.77,0.1,0,0,1,0.07,2.29,0.06,0,0
1,0,0,0.1,0,0,1,0.04,2.34,0.07,0,0.04
1,0,31.63,0.1,0,0,1,0.13,1.84,0.1,0,0.65
1,0,0,0.1,0,0,1,0.01,0,0.06,0,0
1,0,0,0.1,0,0,1,0.01,0,0.06,0,0
1,0.01,0.76,0.1,0,0,1,0.19,3.16,0.11,0,0.53
1,0,0,0.1,0,0,1,0.01,0,0.06,0,0
1,0,0,0.1,0,0,1,0.01,0,0.06,0,0
1,0,0,0.1,0,0,1,0.01,0,0.06,0,0
1,0,0,0.1,0,0,1,0.01,0,0.06,0,0
1,0,0,0.1,0,0,1,0.02,2.29,0.06,0,0
1,0,21.38,0.1,0,0,1,0.13,2.19,0.06,0,0
1,0,0,0.1,0,0,1,0.05,2.61,0.07,0,0.11
1,0,0,0.1,0,0,1,0.03,2.09,0.06,0,0
0.99,0.01,14.21,0.1,0,0,1,0.15,1.57,0.06,0,0
1,0,4.98,0.1,0,0,1,0.07,1.9,0.06,0,0
1,0,13.06,0.1,0,0,1,0.1,3.01,0.06,0,0
1,0,16.11,0.1,0,0,1,0.11,3.52,0.06,0,0
1,0,0.58,0.1,0,0,1,0.05,2.32,0.06,0,0
1,0,0,0.1,0,0,1,0.01,0,0.06,0,0
1,0,0,0.1,0,0,1,0.01,0,0.06,0,0
1,0,0.3,0.1,0,0,1,0.06,1.51,0.06,0,0
1,0,0,0.1,0,0,1,0.02,0.08,0.06,0,0
1,0,1.24,0.1,0,0,1,0.06,2.24,0.06,0,0
1,0,0,0.1,0,0,1,0.03,2.88,0.07,0,0.05
1,0.01,0.67,0.1,0,0,1,0.2,2.32,0.06,0,0
1,0,0,0.1,0,0,1,0,0,0.06,0,0
1,0,0,0.1,0,0,1,0.02,1.55,0.06,0,0
1,0,0,0.1,0,0,1,0.02,0.27,0.06,0,0
1,0,12.03,0.1,0,0,1,0.13,1.98,0.06,0,0
1,0,0,0.1,0,0,1,0.02,0,0.06,0,0
1,0,0,0.1,0,0,1,0.04,2.83,0.06,0,0
1,0.01,8.93,0.1,0,0,1,0.19,2.71,0.06,0,0
1,0.01,0.6,0.1,0,0,1,0.2,2.3,0.06,0,0
1,0,0,0.1,0,0,1,0.01,0,0.06,0,0
1,0,0,0.1,0,0,1,0.01,0,0.06,0,0
1,0,0,0.1,0,0,1,0.03,1.98,0.06,0,0
1,0,0,0.1,0,0,1,0.03,3.62,0.06,0,0
1,0,0,0.1,0,0,1,0.01,0,0.06,0,0
1,0,0,0.1,0,0,1,0.01,0,0.06,0,0
1,0,0,0.1,0,0,1,0.01,0,0.06,0,0
1,0,0,0.1,0,0,1,0.01,0,0.06,0,0
1,0,0,0.1,0,0,1,0.01,0,0.06,0,0
0.99,0.01,0,0.1,0,0,1,0.23,2.33,0.11,0,0.44
1,0,1.05,0.1,0,0,1,0.06,2.01,0.06,0,0
0.99,0.01,8.21,0.1,0,0,1,0.15,2.14,0.06,0,0
0.99,0.01,0,0.1,0,0,1,0.24,2.45,0.11,0,0.48
0.99,0.01,0.07,0.1,0,0,1,0.24,1.49,0.06,0,0
1,0,0,0.1,0,0,1,0,0,0.06,0,0
1,0,0,0.1,0,0,1,0,0,0.06,0,0
1,0,0,0.1,0,0,1,0.01,0,0.06,0,0
1,0,0,0.1,0,0,1,0.01,0,0.06,0,0
1,0,11.52,0.1,0,0,1,0.13,2.41,0.06,0,0
1,0,22.52,0.1,0,0,1,0.12,2.01,0.06,0,0
1,0,0,0.1,0,0,1,0.05,1.69,0.06,0,0
1,0,0,0.1,0,0,1,0.02,2.34,0.06,0,0
1,0,0,0.1,0,0,1,0.01,0,0.06,0,0
1,0,12.5,0.1,0,0,1,0.17,1.81,0.06,0,0
0.99,0,34.1,0.1,0,0,1,0.12,3.19,0.06,0,0
1,0,0,0.1,0,0,1,0.01,0,0.06,0,0
0.99,0.01,0.14,0.1,0,0,1,0.23,2.89,0.06,0,0
0.99,0,13.21,0.1,0,0,1,0.12,2.37,0.06,0,0
1,0.01,0.91,0.1,0,0,1,0.22,2.51,0.06,0,0
1,0,0,0.1,0,0,1,0.01,0,0.06,0,0
0.99,0,21.32,0.1,0,0,1,0.17,2.43,0.06,0,0
1,0,0,0.1,0,0,1,0,0,0.06,0,0
1,0,4.61,0.1,0,0,1,0.06,2.63,0.06,0,0
0.99,0.01,0,0.1,0,0,1,0.21,2.01,0.06,0,0
0.99,0.01,4.82,0.1,0,0,1,0.16,2.08,0.06,0,0
1,0,4.12,0.1,0,0,1,0.14,1.85,0.1,0,0.4
1,0,37.4,0.1,0,0,1,0.1,1.98,0.06,0,0
1,0,0,0.1,0,0,1,0.03,2.42,0.07,0,0.02
1,0,0,0.1,0,0,1,0,0,0.06,0,0
1,0,3.63,0.1,0,0,1,0.09,1.83,0.09,0,0.33
1,0,0.82,0.1,0,0,1,0.05,1.95,0.06,0,0
1,0,1.77,0.1,0,0,1,0.06,1.95,0.08,0,0.22
1,0,9.52,0.1,0,0,1,0.12,1.72,0.06,0,0
1,0,0,0.1,0,0,1,0,0,0.06,0,0
0.99,0,4.54,0.1,0,0,1,0.13,2.72,0.11,0,0.58
1,0,0,0.1,0,0,1,0.01,0,0.06,0,0
1,0,0.27,0.1,0,0,1,0.05,1.96,0.06,0,0
1,0,0,0.1,0,0,1,0,0,0.06,0,0
1,0,0,0.1,0,0,1,0,0,0.06,0,0
1,0,1.89,0.1,0,0,1,0.07,2.13,0.08,0,0.27
1,0.01,2.64,0.1,0,0,1,0.18,1.54,0.06,0,0
0.99,0.01,1.96,0.1,0,0,1,0.22,2.61,0.06,0,0
1,0,0,0.1,0,0,1,0,0,0.06,0,0
1,0,0,0.1,0,0,1,0.01,0.01,0.06,0,0
1,0,0,0.1,0,0,1,0.02,1.11,0.06,0,0
1,0,0,0.1,0,0,1,0.01,0.01,0.06,0,0
1,0,7.73,0.1,0,0,1,0.1,2.17,0.1,0,0.46
1,0,0,0.1,0,0,1,0.02,0.01,0.06,0,0
1,0,7.72,0.1,0,0,1,0.08,2.61,0.06,0,0
1,0,0,0.1,0,0,1,0.02,2.07,0.06,0,0
1,0,0,0.1,0,0,1,0.01,0,0.06,0,0
0.99,0.01,1.07,0.1,0,0,1,0.19,1.94,0.06,0,0
1,0,8.14,0.1,0,0,1,0.07,2.07,0.06,0,0
0.99,0.01,0.28,0.1,0,0,1,0.21,3.2,0.06,0,0
0.99,0.01,0,0.1,0,0,1,0.24,2.46,0.06,0,0
1,0,6.46,0.1,0,0,1,0.09,1.85,0.06,0,0
1,0,0,0.1,0,0,1,0,0,0.06,0,0
1,0,13.59,0.1,0,0,1,0.13,3.4,0.06,0,0
1,0,0,0.1,0,0,1,0.04,2.32,0.07,0,0.04
1,0,0,0.1,0,0,1,0.01,0,0.06,0,0
1,0,17.59,0.1,0,0,1,0.09,3.19,0.06,0,0
1,0,13.5,0.1,0,0,1,0.08,2.71,0.06,0,0
1,0,5.13,0.1,0,0,1,0.07,1.96,0.06,0,0
1,0,0,0.1,0,0,1,0.05,1.88,0.07,0,0.06
1,0,0,0.1,0,0,1,0,0,0.06,0,0
1,0,6.65,0.1,0,0,1,0.09,1.58,0.06,0,0
1,0,0,0.1,0,0,1,0.01,0.01,0.06,0,0
1,0,3.47,0.1,0,0,1,0.13,1.73,0.1,0,0.39
1,0,36.6,0.1,0,0,1,0.12,3.14,0.06,0,0
1,0,0,0.1,0,0,1,0.04,2.99,0.06,0,0
0.99,0.01,78.72,0.1,0,0,1,0.21,1.65,0.06,0,0
0.99,0,112.47,0.1,0,0,1,0.14,3.29,0.06,0,0
1,0,0,0.1,0,0,1,0.01,0.01,0.06,0,0
1,0.01,1.88,0.1,0,0,1,0.23,2.28,0.06,0,0
1,0,0,0.1,0,0,1,0.02,0.13,0.06,0,0
0.97,0.01,0.62,0.1,0,0,1,0.24,2.79,0.06,0,0
1,0,0,0.1,0,0,1,0,0,0.06,0,0
1,0,0,0.1,0,0,1,0.04,2.72,0.06,0,0
1,0,6.71,0.1,0,0,1,0.08,1.93,0.06,0,0
1,0,5.15,0.1,0,0,1,0.07,1.99,0.09,0,0.3
1,0,0,0.1,0,0,1,0,0,0.06,0,0
1,0,0,0.1,0,0,1,0.01,0,0.06,0,0
1,0,0,0.1,0,0,1,0.05,2.68,0.07,0,0.1
1,0,0,0.1,0,0,1,0.01,0.01,0.06,0,0
1,0,0,0.1,0,0,1,0.01,0,0.06,0,0
1,0.01,3.29,0.1,0,0,1,0.15,1.75,0.11,0,0.46
1,0,0,0.1,0,0,1,0.04,1.82,0.06,0,0
1,0,0,0.1,0,0,1,0.01,0,0.06,0,0
1,0.01,6.28,0.1,0,0,1,0.19,2.64,0.06,0,0
0.99,0.01,48.68,0.1,0,0,1,0.12,2.55,0.11,0,0.96
0.99,0,26.81,0.1,0,0,1,0.14,2.28,0.06,0,0
1,0,0,0.1,0,0,1,0.01,0,0.06,0,0
1,0,0,0.1,0,0,1,0.02,2.85,0.06,0,0
1,0.01,0,0.1,0,0,1,0.21,1.64,0.1,0,0.36
1,0,0,0.1,0,0,1,0.02,1.67,0.06,0,0
1,0,0,0.1,0,0,1,0.01,0,0.06,0,0
1,0.01,0.18,0.1,0,0,1,0.23,1.98,0.06,0,0
1,0,3.53,0.1,0,0,1,0.14,3.07,0.1,0,0.5
0.99,0,1.19,0.1,0,0,1,0.17,1.8,0.1,0,0.42
1,0,0,0.1,0,0,1,0.01,0,0.06,0,0
1,0,0,0.1,0,0,1,0.02,2.86,0.06,0,0
1,0,0,0.1,0,0,1,0,0,0.06,0,0
1,0,0.63,0.1,0,0,1,0.05,2.86,0.06,0,0
1,0,0,0.1,0,0,1,0.03,2.37,0.06,0,0
1,0,25.73,0.1,0,0,1,0.13,2.41,0.06,0,0
1,0,3.45,0.1,0,0,1,0.06,2.72,0.08,0,0.27
1,0,1.98,0.1,0,0,1,0.07,2.15,0.08,0,0.2
1,0,0,0.1,0,0,1,0.03,1.7,0.06,0,0
1,0,0,0.1,0,0,1,0.01,0,0.06,0,0
1,0,4.26,0.1,0,0,1,0.1,1.92,0.09,0,0.35
0.99,0,37.65,0.1,0,0,1,0.11,2.16,0.11,0,1.01
1,0,5.5,0.1,0,0,1,0.06,2.85,0.06,0,0
1,0,0,0.1,0,0,1,0.02,0.03,0.06,0,0
1,0,0,0.1,0,0,1,0.03,2.11,0.06,0,0
1,0,0,0.1,0,0,1,0.05,2.64,0.07,0,0.11
1,0,0,0.1,0,0,1,0.01,0,0.06,0,0
1,0,0,0.1,0,0,1,0.01,0,0.06,0,0
1,0,0.48,0.1,0,0,1,0.06,2.14,0.06,0,0
1,0,0,0.1,0,0,1,0.02,2.56,0.06,0,0
1,0,0,0.1,0,0,1,0.04,1.83,0.07,0,0.03
1,0,0,0.1,0,0,1,0.04,2.67,0.06,0,0
0.99,0.01,87.76,0.1,0,0,1,0.21,1.98,0.06,0,0
